customer_id,email,company_name,signup_date,country
cust_0001,sholt@example.org,Lee-Lopez,2023-07-07 16:58:25.189600,Italy
cust_0002,kristenwilliams@example.org,White Ltd,2024-06-10 16:45:31.168931,Germany
cust_0003,morenoallison@example.net,"Maldonado, Clark and Ortiz",2023-03-09 20:23:55.523179,France
cust_0004,pamelacarpenter@example.com,Bell-Williams,2023-01-24 22:27:07.843116,Spain
cust_0005,joshuamiller@example.org,"Fisher, Ramirez and Pitts",2024-01-03 15:11:19.229358,UK
cust_0006,burnselizabeth@example.com,Morris and Sons,2023-01-09 07:40:24.084450,Italy
cust_0007,zjohnson@example.net,"Russell, Roberts and Watson",2024-12-15 13:43:25.018338,France
cust_0008,rsmith@example.net,Miller-Pearson,2023-03-22 06:31:05.851188,France
cust_0009,carsonlindsey@example.org,"Burns, Herman and Patterson",2023-05-26 02:26:08.890154,Germany
cust_0010,jennifermartinez@example.org,Brown and Sons,2023-08-15 05:09:21.027928,France
cust_0011,nicole16@example.org,Stephens-Wright,2024-01-14 13:09:37.401977,France
cust_0012,melissacurry@example.net,Cordova Inc,2023-05-19 04:56:56.094803,France
cust_0013,adam74@example.com,Barnes Group,2023-09-01 13:46:22.812434,UK
cust_0014,elizabeth73@example.com,Howard-Li,2023-03-31 02:15:51.395168,Germany
cust_0015,benjaminwalker@example.org,"Harrison, Johnson and Morris",2023-12-26 00:02:43.168465,France
cust_0016,bakerbonnie@example.com,"Watson, Chambers and Gray",2024-01-10 03:11:49.193651,France
cust_0017,christopher97@example.org,Perez-Harrison,2023-01-27 21:44:01.451189,Italy
cust_0018,pricejacqueline@example.org,Henderson-Whitehead,2024-12-31 00:00:00.000000,Spain
cust_0019,tina72@example.net,Frazier-Potter,2023-05-26 07:33:48.440520,France
cust_0020,cwang@example.org,Tran Ltd,2024-04-06 02:24:26.372690,Germany
cust_0021,susanmiller@example.org,Pierce-Ward,2023-02-22 01:27:41.205466,Germany
cust_0022,joshua50@example.org,Rodriguez Group,2023-01-14 23:56:23.013087,Italy
cust_0023,abrown@example.org,"Peterson, Roberts and Owens",2023-04-30 18:47:40.767614,UK
cust_0024,hewing@example.net,"Ibarra, Martin and Maxwell",2023-05-30 10:02:49.862087,Germany
cust_0025,ibrown@example.org,Bridges-Griffin,2023-11-13 11:44:54.458251,France
cust_0026,hjones@example.org,Gillespie-Johnson,2024-12-31 00:00:00.000000,UK
cust_0027,davismelissa@example.org,Smith-Sampson,2024-12-31 00:00:00.000000,Spain
cust_0028,gordonmason@example.org,Villegas LLC,2023-12-31 10:07:20.491966,Italy
cust_0029,tgreen@example.com,Thomas-Stevens,2023-02-07 01:29:32.661420,France
cust_0030,kellytheresa@example.org,"Scott, Ward and Rodriguez",2023-01-19 12:18:24.734137,France
cust_0031,timothy23@example.org,Fisher-Le,2023-07-16 20:27:02.884408,France
cust_0032,vanessa78@example.org,Sherman-Pineda,2024-12-06 19:45:19.822727,France
cust_0033,ricardosilva@example.com,Allen-Bautista,2023-05-12 22:06:26.155040,Germany
cust_0034,uholmes@example.com,Taylor-Hunt,2023-03-02 18:13:19.988681,Spain
cust_0035,robertjarvis@example.net,Thomas Ltd,2023-01-31 23:46:06.026119,Italy
cust_0036,guerrerojames@example.net,Mejia-Taylor,2024-08-14 19:02:39.306907,France
cust_0037,brownjavier@example.net,Hill Inc,2023-01-03 05:09:33.248192,Spain
cust_0038,kimberlymartinez@example.org,"Stevens, Baker and Allen",2024-05-05 20:07:14.559296,UK
cust_0039,smithmonica@example.com,Thomas-Rice,2024-08-13 02:03:34.020064,France
cust_0040,portertamara@example.com,Pope Group,2023-06-27 13:22:10.758705,France
cust_0041,jenkinsjames@example.org,Walker-Pollard,2024-12-31 00:00:00.000000,UK
cust_0042,kelly10@example.net,"Johnston, Singh and Moore",2023-06-10 17:27:37.771245,France
cust_0043,erik71@example.com,Davis PLC,2023-05-29 23:53:17.390182,France
cust_0044,perkinschristy@example.com,West LLC,2024-06-07 03:36:27.093580,UK
cust_0045,benjamin52@example.org,Jarvis Ltd,2024-12-31 00:00:00.000000,Germany
cust_0046,amy31@example.org,Daniels and Sons,2023-02-20 22:46:29.923352,UK
cust_0047,gonzaleznicole@example.org,Perkins Inc,2024-07-26 03:46:13.546336,Germany
cust_0048,tberry@example.net,Conley PLC,2024-08-12 13:20:37.249890,Germany
cust_0049,lreilly@example.com,Graves Ltd,2023-10-23 20:55:00.668142,Germany
cust_0050,vdoyle@example.com,Goodman-Weiss,2023-01-11 07:10:43.069098,France
cust_0051,megansuarez@example.org,"Wilson, Smith and Turner",2023-01-13 18:33:48.025488,UK
cust_0052,rodrigueznicole@example.net,Elliott-Hall,2023-05-31 23:00:30.255959,Germany
cust_0053,deborah99@example.org,"Woods, James and Barnes",2024-12-31 00:00:00.000000,France
cust_0054,lauren86@example.org,"Fernandez, Huang and Brown",2023-07-31 07:30:25.051945,UK
cust_0055,eford@example.com,"Johnson, Benjamin and Pineda",2023-04-14 22:07:46.223065,France
cust_0056,christopher02@example.org,"Landry, Craig and Greene",2023-05-17 20:32:48.902337,France
cust_0057,mingram@example.org,Robinson PLC,2024-12-31 00:00:00.000000,Spain
cust_0058,desiree09@example.org,"Reynolds, Smith and Blair",2024-02-06 09:32:39.224390,Spain
cust_0059,williamssara@example.com,Pearson-Barrett,2024-10-13 04:30:06.591994,France
cust_0060,arthurdavis@example.org,Colon Ltd,2024-12-31 00:00:00.000000,Germany
cust_0061,vcortez@example.org,"Mckenzie, Deleon and Bradshaw",2024-10-20 22:32:36.947451,Spain
cust_0062,ashley14@example.com,Miller-Davidson,2023-06-03 02:12:53.559417,France
cust_0063,lhunter@example.org,Pacheco-Green,2023-04-14 11:23:33.946577,Germany
cust_0064,kanderson@example.com,"Simpson, Hogan and Adkins",2024-11-12 12:45:55.352642,Spain
cust_0065,uoliver@example.net,Li Inc,2023-01-03 18:58:24.701318,Germany
cust_0066,icarroll@example.com,"Bridges, Lee and Bailey",2023-08-05 02:37:25.970949,France
cust_0067,julia92@example.org,Church PLC,2023-02-21 01:43:54.331818,France
cust_0068,anthony16@example.org,Klein Group,2024-12-31 00:00:00.000000,France
cust_0069,samantha10@example.org,Chandler-Parker,2023-10-20 13:56:48.967071,UK
cust_0070,amandagonzalez@example.org,"Simmons, Shaffer and Osborn",2023-06-30 18:57:18.684298,Italy
cust_0071,taylor08@example.org,Herring Ltd,2024-12-31 00:00:00.000000,France
cust_0072,zparker@example.org,"Valentine, Carroll and Smith",2023-10-03 01:31:44.663711,France
cust_0073,jack70@example.org,"West, Gardner and Christensen",2023-05-15 02:23:48.815730,France
cust_0074,gregory76@example.com,"Vaughn, Brown and Lopez",2024-01-12 04:43:25.973158,Germany
cust_0075,jacksonjames@example.com,"Fernandez, Villarreal and Lee",2023-01-22 03:22:13.579866,France
cust_0076,benjaminclark@example.org,"Ramirez, Gallegos and Raymond",2024-12-31 00:00:00.000000,France
cust_0077,awatkins@example.net,Koch Group,2023-03-04 14:41:46.555658,Germany
cust_0078,pwillis@example.com,Kelly-Perez,2024-12-31 00:00:00.000000,France
cust_0079,huffmansteven@example.org,Jackson-Pearson,2024-03-22 01:29:17.155874,UK
cust_0080,makayla79@example.net,"Gray, Douglas and Sanford",2023-04-19 12:47:54.435925,UK
cust_0081,ronaldbooker@example.org,Johnson-Richardson,2023-07-03 09:49:07.942574,UK
cust_0082,heididickson@example.net,Hardy and Sons,2024-02-06 12:50:35.305877,Germany
cust_0083,ylowe@example.org,Daugherty-Hall,2023-02-07 20:26:23.728530,Spain
cust_0084,woodslisa@example.com,Suarez-Nichols,2023-06-04 17:22:43.749145,France
cust_0085,jenniferbarron@example.com,"Castro, Potter and Mcclure",2023-01-17 15:38:44.498493,Germany
cust_0086,schmidtpaul@example.com,Baker-Pittman,2024-03-28 17:46:35.936280,France
cust_0087,nsmith@example.org,Miller Group,2023-10-15 01:15:13.002030,France
cust_0088,tracygreen@example.org,"Terry, Smith and Mitchell",2024-02-19 10:47:37.243888,France
cust_0089,igalvan@example.net,Young and Sons,2024-04-14 16:26:24.952740,France
cust_0090,kristinnorman@example.net,Greer Group,2024-12-31 00:00:00.000000,France
cust_0091,rmyers@example.org,Smith-Lee,2023-06-16 20:28:16.918873,France
cust_0092,ahernandez@example.org,Jones Group,2024-12-31 00:00:00.000000,Spain
cust_0093,uchristian@example.org,White PLC,2023-04-30 07:56:33.909325,UK
cust_0094,osbornchristine@example.com,"Rodriguez, Cook and Morton",2024-11-10 19:02:49.550411,Germany
cust_0095,lthompson@example.com,Mitchell and Sons,2023-10-29 17:04:56.416303,France
cust_0096,mark48@example.net,Strong Inc,2023-02-09 02:10:15.414814,Spain
cust_0097,laurengarcia@example.net,Thomas PLC,2024-12-31 00:00:00.000000,UK
cust_0098,prollins@example.net,Leonard LLC,2023-06-15 14:50:47.379079,France
cust_0099,stephanie30@example.net,Gray Inc,2024-06-01 18:52:05.251369,Spain
cust_0100,davidgreen@example.org,"Garrett, Cole and Martinez",2024-12-31 00:00:00.000000,UK
cust_0101,carldalton@example.org,Campbell LLC,2024-02-15 22:10:57.569700,France
cust_0102,mariemiller@example.org,Hernandez-Young,2023-03-12 12:25:28.059459,Spain
cust_0103,deannatrujillo@example.com,Lane Group,2024-01-08 23:56:30.807131,France
cust_0104,smithjay@example.org,Morris LLC,2023-02-12 19:10:12.913626,UK
cust_0105,brian63@example.org,"Oconnor, Wilson and Quinn",2023-01-03 00:42:52.544510,France
cust_0106,gphillips@example.com,"Hanson, Larsen and Gibbs",2023-11-15 06:41:57.562561,UK
cust_0107,ojones@example.com,Hill-Brown,2024-02-27 04:14:17.622594,France
cust_0108,wardjohnny@example.org,Clark Group,2024-05-13 04:00:21.504334,France
cust_0109,jessica37@example.com,Young LLC,2023-06-07 10:53:42.452209,UK
cust_0110,cindy41@example.org,"Watson, Weaver and Smith",2024-02-24 12:13:43.022304,Spain
cust_0111,dawn23@example.org,Reyes Group,2024-03-04 17:24:27.239147,Germany
cust_0112,cochrantodd@example.net,"Jacobs, Fletcher and Nguyen",2023-02-09 08:13:40.043657,France
cust_0113,radams@example.net,Bridges-Ingram,2023-05-04 06:20:14.710001,France
cust_0114,morgangwendolyn@example.org,"Velasquez, Hicks and Little",2024-12-31 00:00:00.000000,France
cust_0115,robert08@example.org,Stein Inc,2024-12-31 00:00:00.000000,UK
cust_0116,warrenwayne@example.com,"Lopez, Bowman and Fisher",2024-09-25 12:43:20.732911,Germany
cust_0117,scottriley@example.com,Shannon-Maxwell,2023-12-11 01:29:47.995293,Germany
cust_0118,pmiranda@example.com,Reynolds-Wong,2023-03-28 21:15:46.782440,UK
cust_0119,maureenwashington@example.net,Reyes Group,2023-05-12 19:56:33.850738,France
cust_0120,twatson@example.com,"Perez, Wright and Baldwin",2024-02-19 18:54:01.254365,France
cust_0121,moontanner@example.org,Pruitt Group,2024-12-31 00:00:00.000000,Italy
cust_0122,peterwhite@example.net,Hernandez-Mitchell,2024-12-31 00:00:00.000000,France
cust_0123,lcasey@example.org,Collins Group,2023-01-07 05:32:32.019254,Italy
cust_0124,pgonzalez@example.com,Barton Inc,2023-08-12 13:48:26.854954,Italy
cust_0125,lthomas@example.net,"Lopez, Patel and Bowers",2024-12-31 00:00:00.000000,Spain
cust_0126,denise17@example.net,Hall and Sons,2023-05-20 12:15:00.916030,France
cust_0127,sara79@example.com,"Williams, Garcia and Calderon",2024-12-31 00:00:00.000000,France
cust_0128,deanna33@example.org,Davenport-West,2023-03-16 06:53:55.379181,Germany
cust_0129,banksbreanna@example.org,Sandoval LLC,2024-12-31 00:00:00.000000,UK
cust_0130,kimberlyshelton@example.com,Floyd-Freeman,2023-12-04 15:28:42.347216,France
cust_0131,sullivanamanda@example.com,Boyd Inc,2024-01-17 19:29:41.528292,Italy
cust_0132,davidmiller@example.com,Thompson-Ramirez,2023-03-02 08:50:15.474357,Germany
cust_0133,michael72@example.com,Brown-Vaughn,2024-12-31 00:00:00.000000,UK
cust_0134,cynthiadiaz@example.net,Burke Ltd,2024-04-22 15:06:52.138426,UK
cust_0135,lisa95@example.org,Avila-Donovan,2023-06-28 04:43:35.350405,France
cust_0136,john21@example.net,Alvarez Inc,2024-10-24 22:47:42.970896,Spain
cust_0137,teresaknight@example.com,Ramirez-Vaughn,2024-12-31 00:00:00.000000,Italy
cust_0138,patriciareed@example.com,"Mcknight, Martin and Trevino",2023-10-14 10:29:42.268401,Germany
cust_0139,bennettbrenda@example.org,"Carlson, Miller and Williams",2024-10-02 09:07:09.660581,UK
cust_0140,rose21@example.org,Bowman-Tucker,2024-04-29 05:17:10.412558,UK
cust_0141,knicholson@example.com,Dominguez-Edwards,2024-12-31 00:00:00.000000,France
cust_0142,brooke09@example.com,Sharp-Ward,2023-07-08 08:59:35.418424,France
cust_0143,murphymichelle@example.org,May and Sons,2023-12-12 08:46:28.759622,France
cust_0144,beckjoseph@example.org,Wood-Craig,2023-09-08 15:25:36.129174,Germany
cust_0145,uwebb@example.org,Vang PLC,2023-05-16 01:15:15.620470,Germany
cust_0146,wesleygarcia@example.org,Merritt and Sons,2023-01-13 09:21:38.146227,France
cust_0147,griffithjonathan@example.org,Phillips-Dennis,2024-11-22 17:46:23.331238,France
cust_0148,wendy60@example.com,Obrien and Sons,2023-02-24 08:32:05.267239,Germany
cust_0149,schaeferjohn@example.com,"Miller, Morris and Valdez",2024-08-10 20:37:12.821805,France
cust_0150,timothyking@example.net,"Day, Howell and Gill",2024-01-26 02:06:30.020768,France
cust_0151,osbornrachel@example.net,"Fuller, Vasquez and Miller",2023-01-22 05:25:29.714660,Germany
cust_0152,kathy00@example.net,"Wolf, Alexander and Kim",2023-11-08 03:56:24.899530,UK
cust_0153,michaelastanley@example.org,Thompson-Greene,2024-06-01 23:37:17.054401,Italy
cust_0154,jeanne16@example.org,"Johnson, Wheeler and Yoder",2023-10-18 12:23:41.080601,France
cust_0155,christinehoover@example.com,"Johnson, Collins and Watson",2024-09-26 06:16:41.539562,France
cust_0156,abeard@example.org,Mitchell Inc,2023-08-20 04:38:27.384805,France
cust_0157,ocharles@example.net,"Henson, Smith and Fields",2023-01-11 06:30:18.185753,Italy
cust_0158,debbie93@example.com,"Wolf, Payne and Scott",2024-12-24 02:34:09.711497,UK
cust_0159,kevingolden@example.com,Nolan and Sons,2023-07-30 08:15:09.312715,France
cust_0160,joshua96@example.org,Brown-Berger,2023-03-10 01:09:32.828758,France
cust_0161,janet26@example.net,Herman Ltd,2023-11-15 17:11:24.805708,UK
cust_0162,mdaniels@example.org,"Rodriguez, Nguyen and Castillo",2024-03-07 18:08:50.485521,France
cust_0163,kennethburnett@example.org,"Thompson, Faulkner and Reed",2024-12-31 00:00:00.000000,UK
cust_0164,knoxnicole@example.org,Tapia LLC,2023-11-20 07:00:45.455547,UK
cust_0165,andrew17@example.org,Elliott Group,2023-08-06 14:45:48.632788,France
cust_0166,amandavincent@example.org,"Christensen, Jones and Jones",2023-06-26 00:08:08.309407,UK
cust_0167,cwalter@example.org,Elliott-Gross,2023-01-06 19:10:53.635151,France
cust_0168,feliciagarrett@example.net,West LLC,2023-01-19 20:06:21.667479,France
cust_0169,tammydecker@example.com,"Miller, Goodman and Vasquez",2024-12-31 00:00:00.000000,UK
cust_0170,amber45@example.net,"Bell, Cook and Goodman",2023-09-15 02:43:55.582910,France
cust_0171,stephanieflores@example.com,"Aguilar, Hernandez and Williams",2023-09-28 14:34:20.897952,Germany
cust_0172,garystevens@example.com,Martinez-Aguirre,2023-03-18 01:52:09.274376,Germany
cust_0173,eric12@example.net,Yang Inc,2023-07-23 08:01:53.399996,UK
cust_0174,cyang@example.org,Smith-Boyd,2024-02-08 05:53:58.365574,France
cust_0175,jpotter@example.com,Rodgers-Lester,2023-07-07 18:05:11.200879,UK
cust_0176,harrypatton@example.net,Wheeler-Williams,2023-10-07 18:37:07.482125,Spain
cust_0177,youngtara@example.org,Fields PLC,2024-03-05 23:45:27.845741,France
cust_0178,cameron38@example.org,Ross-Johnson,2023-01-30 06:33:04.997016,UK
cust_0179,christopher67@example.com,Morales Inc,2023-01-11 17:56:35.151385,Germany
cust_0180,guerrerokimberly@example.com,Avery Inc,2024-12-31 00:00:00.000000,Germany
cust_0181,michael76@example.org,Lewis Inc,2023-07-16 12:29:11.923258,UK
cust_0182,ashleyalvarez@example.org,Nelson-Reynolds,2023-09-03 04:22:38.463206,Germany
cust_0183,urodriguez@example.net,Payne PLC,2024-12-31 00:00:00.000000,France
cust_0184,jilltodd@example.org,Singleton Ltd,2024-12-31 00:00:00.000000,Italy
cust_0185,gscott@example.org,Davis-Washington,2023-03-29 03:48:14.778102,France
cust_0186,ryanmyers@example.com,Soto LLC,2023-02-12 11:45:47.594245,France
cust_0187,awillis@example.net,"Griffin, Patel and Patton",2023-02-09 16:22:05.202823,UK
cust_0188,diane05@example.com,"Oconnor, Lane and Taylor",2023-01-30 12:57:23.107269,France
cust_0189,michael99@example.com,Cross and Sons,2024-12-31 00:00:00.000000,France
cust_0190,corey67@example.com,"Miller, Williams and Carter",2024-11-04 19:29:34.293787,France
cust_0191,anna94@example.org,Snyder Inc,2023-02-20 07:12:04.141294,UK
cust_0192,ryan66@example.net,Solis-Butler,2024-02-01 13:25:55.537532,Spain
cust_0193,mark29@example.org,Herrera LLC,2024-06-15 07:37:06.082098,Spain
cust_0194,bmendoza@example.com,"Keller, Price and Lopez",2023-05-13 12:48:18.281321,France
cust_0195,emilymorris@example.org,Wong Group,2024-07-09 12:03:41.045947,Spain
cust_0196,xpatton@example.org,"Castillo, Villanueva and King",2024-12-31 00:00:00.000000,Germany
cust_0197,hford@example.org,Clark-Cruz,2023-07-06 02:20:29.597397,UK
cust_0198,vreynolds@example.com,Simon PLC,2023-06-16 16:38:35.667367,Italy
cust_0199,erichester@example.net,Flynn-Taylor,2024-12-31 00:00:00.000000,Germany
cust_0200,rpierce@example.com,Stevens-Meza,2024-07-09 21:55:59.802083,UK
cust_0201,phill@example.com,Castillo Group,2023-02-13 12:50:24.649960,Italy
cust_0202,rodriguezvictoria@example.org,Hartman PLC,2023-10-09 11:35:30.845993,Spain
cust_0203,ericksonjeffrey@example.net,Mccann-Williams,2023-06-04 07:03:36.328245,Spain
cust_0204,michael66@example.org,Mejia-Best,2023-07-17 04:41:20.972320,France
cust_0205,andrewmorales@example.org,Russell PLC,2024-12-31 00:00:00.000000,France
cust_0206,lambbrenda@example.org,Ramsey-Rose,2023-06-03 20:40:29.569787,Italy
cust_0207,nwilson@example.com,"Padilla, Nicholson and Erickson",2024-12-31 00:00:00.000000,Germany
cust_0208,garciajohn@example.net,Nguyen and Sons,2024-02-04 16:36:31.578297,Germany
cust_0209,apoole@example.net,"Finley, Jacobs and Fischer",2023-05-19 19:25:07.233469,France
cust_0210,ortizheidi@example.org,"Meyer, Nelson and Daugherty",2024-03-22 12:42:22.922329,UK
cust_0211,sandersroberto@example.com,"Washington, Russell and Lane",2024-09-19 06:40:33.584603,UK
cust_0212,andrea27@example.com,Frazier-Wilson,2023-02-08 06:06:52.872433,Germany
cust_0213,robert03@example.com,Madden Inc,2023-01-24 17:06:15.774868,Germany
cust_0214,paul80@example.net,Barton Ltd,2023-08-22 00:31:50.303561,Spain
cust_0215,nicolelewis@example.org,"Turner, Park and Simmons",2023-06-22 21:02:22.368810,France
cust_0216,stephaniedougherty@example.net,"Burton, Dawson and Hendricks",2023-03-03 17:21:12.540976,UK
cust_0217,shortbethany@example.com,Newman-Silva,2024-01-21 03:53:40.292092,France
cust_0218,jerry83@example.org,"Macdonald, Washington and Mitchell",2023-02-05 03:24:46.828867,UK
cust_0219,duncanrobert@example.com,Welch-Moore,2023-01-31 05:14:32.854012,Spain
cust_0220,lindabennett@example.com,"Myers, Perry and Murphy",2024-05-04 23:59:51.468173,France
cust_0221,gmolina@example.org,Cook-Ferguson,2023-02-05 11:04:37.670401,Italy
cust_0222,jsolis@example.org,"Thomas, Roberts and Hensley",2023-07-07 12:50:26.853007,France
cust_0223,raymondgould@example.com,"Luna, Caldwell and Long",2024-11-01 05:31:25.937449,Italy
cust_0224,brianwilliams@example.org,Obrien-Miller,2024-12-31 00:00:00.000000,UK
cust_0225,flynnbrooke@example.net,Sweeney Inc,2023-07-08 19:24:05.746837,France
cust_0226,bthompson@example.net,Torres-Abbott,2024-08-23 11:55:42.198112,Germany
cust_0227,robertking@example.com,Spencer Inc,2023-08-09 19:31:04.810540,Italy
cust_0228,arroyodanielle@example.org,"Contreras, Bradford and Watson",2023-02-17 03:38:59.987508,Germany
cust_0229,cclark@example.net,Carr-Smith,2023-01-05 13:37:06.450789,Germany
cust_0230,olevine@example.com,Butler-Reyes,2023-01-24 04:19:26.897638,France
cust_0231,umartinez@example.net,Garcia-Jensen,2023-02-20 00:15:06.578178,UK
cust_0232,wilsontammy@example.net,Hall Ltd,2024-07-02 05:44:17.120134,Germany
cust_0233,bdaniel@example.net,"Alvarado, Allison and Jones",2024-12-31 00:00:00.000000,France
cust_0234,lijoshua@example.com,Wilson-Higgins,2023-05-15 14:06:14.080455,Spain
cust_0235,fkelly@example.org,Camacho LLC,2023-04-12 05:35:16.260813,Italy
cust_0236,gordonking@example.net,Powell-Elliott,2023-01-05 21:23:52.317046,Italy
cust_0237,tracyfuentes@example.net,Smith PLC,2023-01-18 15:32:32.592255,Spain
cust_0238,smithalison@example.org,Porter-Andrews,2023-10-28 01:22:30.732075,Italy
cust_0239,aellis@example.org,Levine LLC,2023-01-31 15:56:57.152986,Germany
cust_0240,brownerik@example.net,"Kim, Nelson and Hayes",2024-12-31 00:00:00.000000,Germany
cust_0241,davidsexton@example.net,Luna PLC,2024-02-02 01:13:53.715574,UK
cust_0242,gomezjuan@example.net,Gross Inc,2023-08-31 10:49:35.236195,UK
cust_0243,michellemurray@example.com,King-Buchanan,2023-12-18 03:07:41.784007,Italy
cust_0244,thompsonjennifer@example.net,"Love, Chavez and Orr",2023-01-19 14:30:36.117855,France
cust_0245,suttonrita@example.org,Russell Inc,2024-12-31 00:00:00.000000,Spain
cust_0246,wmiller@example.com,Wilson-Williams,2023-09-01 06:28:57.053324,UK
cust_0247,daniellenguyen@example.org,Howell-Greene,2023-05-10 22:47:05.391576,France
cust_0248,james03@example.org,Dudley and Sons,2023-09-07 05:21:45.174670,France
cust_0249,kenneth43@example.net,Santiago-Pierce,2023-12-17 11:56:22.479590,France
cust_0250,lcastillo@example.org,Blake PLC,2024-12-31 00:00:00.000000,Italy
cust_0251,rsmith@example.net,Tran-Potter,2024-04-24 03:29:35.758906,Germany
cust_0252,alyssa54@example.com,"Cooley, Flores and Ross",2023-05-29 03:38:28.661719,Spain
cust_0253,iespinoza@example.net,"Rogers, Kelly and Long",2024-04-06 17:33:50.410903,France
cust_0254,chodges@example.net,"Nguyen, Weber and Reyes",2024-12-31 00:00:00.000000,Spain
cust_0255,felicianeal@example.com,Chavez Ltd,2024-12-31 00:00:00.000000,UK
cust_0256,jamestrevor@example.net,"Nguyen, Hodge and Williams",2024-01-16 03:52:42.917078,Germany
cust_0257,terriross@example.org,"Davis, Obrien and Hamilton",2024-12-31 00:00:00.000000,Spain
cust_0258,anthonyheather@example.org,"Park, Roberts and Johnson",2023-01-19 12:13:12.759852,France
cust_0259,adrianhoffman@example.com,Johnson Inc,2023-07-08 22:32:18.640318,Spain
cust_0260,tracyrussell@example.net,Dickson PLC,2024-12-31 00:00:00.000000,France
cust_0261,brenda65@example.org,"Davis, Fletcher and Webster",2023-12-27 16:33:05.940256,France
cust_0262,amy84@example.net,"Montgomery, Henry and White",2024-12-31 00:00:00.000000,Spain
cust_0263,zmiller@example.org,Jones-Sosa,2024-12-29 21:01:28.005998,Germany
cust_0264,matthew06@example.org,"Carlson, Allen and Curtis",2023-08-03 08:00:55.399473,France
cust_0265,lwashington@example.org,Ballard PLC,2023-01-24 05:03:31.870478,Spain
cust_0266,nathanfarmer@example.net,Cobb-Gonzalez,2024-11-01 10:43:38.700477,Italy
cust_0267,masonrichard@example.com,"Oconnor, Robinson and Knight",2024-12-31 00:00:00.000000,Germany
cust_0268,freemanjaime@example.com,Fisher Ltd,2024-08-09 02:43:03.597528,Italy
cust_0269,conniewatson@example.org,"Perkins, Walker and Wright",2024-12-31 00:00:00.000000,France
cust_0270,ronald06@example.net,"Tucker, Wang and Arias",2023-08-28 12:44:15.154939,France
cust_0271,nashlisa@example.net,Mcdaniel Inc,2024-12-31 00:00:00.000000,UK
cust_0272,laurierush@example.net,Stevens-Parrish,2023-04-14 20:11:44.750463,UK
cust_0273,ljefferson@example.org,Miller and Sons,2024-01-21 01:38:10.224721,France
cust_0274,nicole75@example.org,"Estrada, Romero and Barnes",2023-02-18 05:10:32.035531,UK
cust_0275,piercejorge@example.net,"Wilkinson, Andrews and Alexander",2023-10-21 20:15:36.259869,UK
cust_0276,xflores@example.com,Hardy Group,2023-10-21 17:22:28.776237,Spain
cust_0277,alisha84@example.com,"Warren, Richmond and Boyd",2023-11-18 02:26:22.353383,Germany
cust_0278,perezjane@example.com,"Gaines, Taylor and Simon",2024-12-31 00:00:00.000000,Germany
cust_0279,cynthia07@example.com,Wallace LLC,2023-02-27 13:19:27.738289,France
cust_0280,mhughes@example.org,Willis-Tucker,2024-07-16 19:45:05.564019,UK
cust_0281,helenfoley@example.net,Brown and Sons,2024-05-02 01:35:14.419895,France
cust_0282,xcarter@example.com,Schultz and Sons,2023-02-28 15:28:49.770449,France
cust_0283,knewton@example.net,"Garcia, Blackwell and Rubio",2023-06-22 16:11:51.757961,Germany
cust_0284,zburton@example.org,Cuevas PLC,2023-07-19 04:37:33.342913,Germany
cust_0285,holtchristy@example.com,"Cook, Sullivan and Kelly",2024-12-31 00:00:00.000000,France
cust_0286,simonmichael@example.com,Camacho Ltd,2023-10-16 14:38:24.970179,UK
cust_0287,welchrichard@example.net,"Harvey, Schroeder and Johnson",2023-07-22 00:46:09.337700,UK
cust_0288,xsolis@example.net,"Wu, Randall and Ferguson",2024-12-31 00:00:00.000000,Italy
cust_0289,melissawilliams@example.com,Townsend-Morgan,2023-03-05 15:11:09.749121,Italy
cust_0290,conniebecker@example.com,"Decker, Mitchell and Wood",2023-09-29 00:01:36.111206,France
cust_0291,julianwilliams@example.com,Scott and Sons,2023-09-03 20:02:05.592331,Italy
cust_0292,awells@example.org,Spencer-Harrison,2023-09-29 09:30:59.074584,France
cust_0293,emorton@example.org,Case-Patterson,2024-02-06 09:28:05.627977,France
cust_0294,pamelareynolds@example.org,Gibson-Harvey,2023-02-01 13:23:41.739979,France
cust_0295,omarlee@example.net,Gonzalez-Collins,2023-02-24 19:22:36.735756,France
cust_0296,michelefranklin@example.com,Smith and Sons,2023-03-01 18:48:59.883293,UK
cust_0297,christopher60@example.com,Holmes-Banks,2023-03-22 07:09:54.099112,France
cust_0298,marcusfaulkner@example.net,Caldwell Group,2024-12-31 00:00:00.000000,Germany
cust_0299,zrios@example.net,"Choi, Mason and Thompson",2024-03-16 12:22:30.731026,France
cust_0300,dawsondaniel@example.org,Willis LLC,2023-03-27 10:05:21.903190,France
cust_0301,williamsamanda@example.org,"Black, Castaneda and Morales",2023-03-16 00:27:16.210906,France
cust_0302,bonderica@example.org,Becker-Bridges,2023-03-19 22:11:36.412216,France
cust_0303,carriejohnson@example.com,Travis and Sons,2023-02-21 10:08:22.738330,Germany
cust_0304,mercerkim@example.net,House-Lane,2023-04-03 10:29:06.651287,France
cust_0305,austinvaughn@example.org,Woods and Sons,2023-10-08 00:02:59.183727,UK
cust_0306,njoyce@example.net,Stewart PLC,2023-01-17 01:00:54.032257,UK
cust_0307,jennifergray@example.net,"Smith, Leblanc and Cline",2024-01-31 10:29:57.939094,France
cust_0308,camachodebbie@example.com,"Jones, Howard and Hahn",2024-12-31 00:00:00.000000,Italy
cust_0309,johnsonkimberly@example.org,Stevens-Kirk,2023-01-26 05:01:08.920479,France
cust_0310,hsmith@example.net,"George, Richardson and Stephens",2024-10-18 08:58:39.932313,UK
cust_0311,kellymyers@example.org,"Thompson, Davis and Andrews",2023-03-23 14:12:16.084056,France
cust_0312,spencerdiana@example.org,Bates PLC,2023-07-05 02:44:13.402442,Germany
cust_0313,ipark@example.net,Ramirez PLC,2024-01-21 04:49:03.385064,France
cust_0314,meagan81@example.com,"Jones, Jones and Atkins",2023-09-06 08:33:16.734675,UK
cust_0315,jordandouglas@example.net,Lee Group,2023-01-15 22:46:49.232230,France
cust_0316,andrea05@example.net,"Grant, Rivera and Mendoza",2024-05-14 19:07:19.198480,Spain
cust_0317,weavermaria@example.com,Johnson-Mckee,2023-10-14 17:04:46.117922,Germany
cust_0318,joyce42@example.org,"Harper, Guerra and Crawford",2023-02-15 08:16:07.859965,Germany
cust_0319,sandrahill@example.org,"Miller, Schultz and Pierce",2023-11-01 05:49:30.975351,France
cust_0320,andrewwatts@example.org,"Logan, Anderson and Pennington",2023-05-06 11:16:34.586522,France
cust_0321,qstevens@example.com,Smith-Berry,2023-01-09 02:38:36.467531,France
cust_0322,sabrinarangel@example.net,Walton Ltd,2023-04-06 00:32:47.695153,France
cust_0323,beckysanders@example.org,Moore-Martinez,2023-02-21 00:36:20.849522,Spain
cust_0324,janetbush@example.net,Brown Inc,2023-12-27 03:49:43.007678,UK
cust_0325,anthonyruiz@example.com,Sanders Ltd,2024-09-14 16:24:24.158976,Germany
cust_0326,umedina@example.com,"Peters, Liu and Brown",2023-02-06 08:56:53.186523,Germany
cust_0327,kimberly75@example.com,Meza-Parker,2023-12-20 13:39:40.880035,UK
cust_0328,teresa56@example.com,Parker-Ramirez,2023-08-15 00:19:57.482676,France
cust_0329,mary05@example.org,Smith-Williams,2023-05-14 12:07:00.949844,France
cust_0330,zbrown@example.org,Cook and Sons,2024-02-20 06:57:22.577652,Germany
cust_0331,robertsonanthony@example.net,Richardson Inc,2023-06-26 01:59:05.613566,Italy
cust_0332,miguelrivas@example.com,"Woods, Fisher and Berry",2024-01-08 07:59:48.772627,France
cust_0333,walter88@example.org,Roberts Ltd,2023-02-12 22:29:34.239836,France
cust_0334,bhudson@example.net,"White, Richmond and White",2023-04-23 22:08:44.715096,France
cust_0335,adawson@example.com,"Ortega, Dixon and Johnson",2023-03-24 14:19:14.722910,France
cust_0336,joedixon@example.com,Davis and Sons,2023-03-18 03:51:48.107389,Spain
cust_0337,watsonamanda@example.com,Williams Inc,2023-02-03 10:54:10.227180,Germany
cust_0338,salinaslarry@example.org,"Rivera, Copeland and Harding",2023-07-31 07:44:00.032270,Italy
cust_0339,bensonstacy@example.net,"Hughes, Collins and Hernandez",2023-02-17 12:44:33.067302,France
cust_0340,thomas96@example.net,Fisher-Williams,2024-12-31 00:00:00.000000,Spain
cust_0341,jacob39@example.com,Anderson-Zimmerman,2024-11-10 11:09:54.456290,France
cust_0342,kimberlygould@example.com,"Brown, King and Baldwin",2023-03-16 23:02:07.853101,UK
cust_0343,ibraun@example.net,"Hodges, Miller and Villanueva",2024-12-31 00:00:00.000000,Germany
cust_0344,harold68@example.com,"Mills, Gardner and White",2023-12-06 02:11:04.524009,France
cust_0345,sherylcline@example.org,"Snow, Johnson and King",2024-08-09 23:44:53.090722,France
cust_0346,esmith@example.com,Ryan PLC,2023-06-06 10:26:34.821401,Germany
cust_0347,erinwilson@example.net,"Casey, Anthony and Ryan",2023-10-11 09:27:20.309001,France
cust_0348,ycooper@example.net,Castillo and Sons,2023-02-18 19:02:21.885301,UK
cust_0349,ablair@example.net,"Graves, Vaughan and Warren",2023-05-17 05:24:30.013167,Germany
cust_0350,lisahess@example.org,Melton-Bowers,2023-03-09 01:34:53.855755,Germany
cust_0351,jennifer50@example.net,Holmes LLC,2023-11-01 05:15:12.895341,France
cust_0352,teresa03@example.com,"Taylor, Scott and May",2023-06-14 03:40:57.263707,France
cust_0353,anthonyhahn@example.net,"Delgado, Banks and Cochran",2023-01-27 04:32:01.263178,Italy
cust_0354,wandamelendez@example.net,Stone-Dalton,2023-06-05 15:38:53.578271,Spain
cust_0355,dalton41@example.org,Hinton-Cook,2023-04-28 13:19:58.113180,UK
cust_0356,ohoward@example.net,Baker Group,2024-07-25 05:26:08.660943,Germany
cust_0357,randykaiser@example.net,Boyd-Craig,2023-09-13 03:25:25.618205,Germany
cust_0358,moorejames@example.com,"Huff, Orozco and Baker",2023-06-21 14:48:56.506889,Italy
cust_0359,abailey@example.com,Blackburn-Moore,2024-12-11 05:49:40.378661,Italy
cust_0360,amyevans@example.com,"Sparks, Smith and Lane",2023-02-23 02:11:38.405856,UK
cust_0361,andrew94@example.org,Sandoval Inc,2024-12-31 00:00:00.000000,France
cust_0362,uowen@example.com,Hicks Ltd,2023-01-28 12:34:44.571849,UK
cust_0363,heather96@example.org,Novak-Myers,2023-12-08 18:30:02.103506,Spain
cust_0364,iandiaz@example.org,"Clayton, Cox and Jensen",2023-03-02 05:21:32.996074,UK
cust_0365,harperwilliam@example.com,Martin and Sons,2023-04-01 01:43:32.957196,France
cust_0366,vicki65@example.com,Castro-Valencia,2023-03-13 18:40:07.330712,Spain
cust_0367,wpeters@example.org,"James, Moore and Baker",2024-03-13 16:27:03.364392,Germany
cust_0368,murphytracie@example.net,Jones-Jenkins,2023-06-27 18:49:46.041994,Spain
cust_0369,corey86@example.com,Watson-Parsons,2023-07-19 07:48:08.629544,Spain
cust_0370,ikelly@example.com,Jones PLC,2023-08-20 07:26:19.891296,France
cust_0371,llopez@example.net,Campos LLC,2023-09-06 11:08:46.230130,France
cust_0372,torresroy@example.org,Smith PLC,2024-07-04 17:03:43.935101,Germany
cust_0373,greggaustin@example.com,Marshall-Barrett,2023-04-16 16:43:41.871259,Spain
cust_0374,scottjaclyn@example.org,"Clay, Hill and Ellis",2023-07-13 17:35:05.015917,Germany
cust_0375,shelby12@example.org,Wilkins-Baker,2024-12-31 00:00:00.000000,UK
cust_0376,kathryn34@example.org,Bailey-Patel,2023-02-19 17:25:13.124045,Italy
cust_0377,travis47@example.net,"Garza, Schultz and Berry",2024-01-31 05:32:18.663988,France
cust_0378,lovemadison@example.com,Owen-Bailey,2023-03-01 23:46:38.920504,UK
cust_0379,orangel@example.net,Lloyd-Smith,2024-01-23 02:38:41.541372,Germany
cust_0380,ggonzales@example.org,Nolan and Sons,2024-12-31 00:00:00.000000,UK
cust_0381,faguilar@example.com,"Kirk, Johnson and Heath",2023-03-07 19:07:00.023566,France
cust_0382,cnelson@example.org,"Morales, Walsh and Ortiz",2023-04-25 06:25:42.017048,UK
cust_0383,omiller@example.org,"Novak, Peterson and Duran",2023-01-14 15:25:56.577487,Germany
cust_0384,rosslindsey@example.org,"Roberts, Keith and Morris",2024-07-28 23:10:18.020114,Spain
cust_0385,herreraangela@example.org,"Cooper, Marsh and Rodriguez",2023-06-17 11:16:33.952918,Spain
cust_0386,shannonkimberly@example.net,"Douglas, Sloan and Jones",2023-02-16 21:32:28.669014,Spain
cust_0387,joshua47@example.org,"Lopez, Brown and Brown",2023-02-24 13:14:40.031050,France
cust_0388,edward46@example.com,"Hudson, Johnson and Bright",2024-09-30 09:39:05.356563,France
cust_0389,wlewis@example.net,"Thompson, Barber and Kline",2023-04-15 03:46:22.855691,UK
cust_0390,melissajones@example.com,Cantu-Benton,2024-05-24 05:43:23.704033,UK
cust_0391,charlesgarcia@example.net,Miller and Sons,2024-04-18 14:24:59.066068,Germany
cust_0392,hernandezamanda@example.com,Stanley Group,2023-04-27 00:48:12.646405,France
cust_0393,rebeccalane@example.net,Vasquez LLC,2023-03-22 03:51:08.047291,Italy
cust_0394,howarderic@example.org,Sherman-Rodriguez,2023-12-17 05:50:48.928241,Germany
cust_0395,cadams@example.com,Hall PLC,2023-09-05 23:06:43.418459,Italy
cust_0396,anthonysmith@example.org,"Nelson, Long and Daniels",2023-03-08 14:06:27.652441,Germany
cust_0397,michaelwang@example.org,Paul-Hall,2023-10-09 23:56:47.873812,UK
cust_0398,angelahicks@example.net,Miller Ltd,2023-01-08 07:27:04.794849,Spain
cust_0399,wlarson@example.org,"Clark, Reyes and Smith",2024-12-31 00:00:00.000000,Germany
cust_0400,ywest@example.org,Navarro Group,2024-04-22 03:33:32.792577,Italy
cust_0401,xramos@example.org,"Marshall, Martin and Owen",2024-05-06 08:36:55.989245,France
cust_0402,mbell@example.com,Taylor-Tran,2023-12-10 11:32:26.298904,UK
cust_0403,hlyons@example.com,Smith-Jackson,2023-08-09 17:59:42.855573,UK
cust_0404,conwaylynn@example.com,Berger-Valencia,2024-12-31 00:00:00.000000,Italy
cust_0405,reginaboyer@example.net,"Miller, Perez and Johnson",2023-08-28 17:53:50.080253,France
cust_0406,jrobles@example.org,Preston PLC,2024-12-31 00:00:00.000000,Spain
cust_0407,oerickson@example.net,Lee-Morris,2023-02-23 06:12:04.367822,Italy
cust_0408,bobby54@example.net,"Hood, Pacheco and Young",2024-12-31 00:00:00.000000,Germany
cust_0409,dgonzalez@example.org,Edwards Group,2023-12-24 21:15:08.472813,France
cust_0410,barnettdavid@example.com,Perez Ltd,2023-01-23 12:39:15.237848,France
cust_0411,rebeccahuffman@example.com,"Pace, Vasquez and Welch",2024-10-11 12:33:21.406447,France
cust_0412,edavis@example.org,Jones and Sons,2023-06-12 06:51:12.266156,France
cust_0413,morriskimberly@example.org,Jones LLC,2023-11-05 08:28:37.313721,Italy
cust_0414,rubenmurphy@example.com,"Olson, Anderson and White",2023-06-20 01:42:00.952386,France
cust_0415,raymond27@example.com,"Cox, Stewart and Garrett",2024-06-19 00:05:09.369562,Germany
cust_0416,lewisjoshua@example.org,Cruz Group,2023-04-12 18:04:18.291166,Germany
cust_0417,halllaura@example.com,Peck LLC,2023-03-02 17:28:16.501949,France
cust_0418,bonnie11@example.org,Harris-Murphy,2023-10-03 22:55:30.759265,Germany
cust_0419,jamesrogers@example.org,Burton PLC,2024-12-31 00:00:00.000000,France
cust_0420,millerkelsey@example.org,"Perez, Bryan and Hall",2023-12-14 13:27:46.383619,UK
cust_0421,colemanscott@example.com,Perez-Francis,2023-01-06 06:32:13.453175,UK
cust_0422,rwright@example.net,Castro-French,2023-03-20 10:09:46.605286,Italy
cust_0423,dkrause@example.com,"Richards, Martin and Herrera",2023-03-06 09:05:25.012960,Germany
cust_0424,jgregory@example.com,Kramer-Gomez,2023-02-05 16:26:56.405201,Italy
cust_0425,matthewlopez@example.org,Williams Group,2023-10-07 00:26:59.677148,Germany
cust_0426,tamaragonzalez@example.net,"Thompson, Robertson and Johnston",2023-01-28 18:32:51.676624,UK
cust_0427,shawdana@example.org,"Kennedy, Gray and Turner",2023-04-05 05:47:14.089929,Spain
cust_0428,sandra53@example.org,"Davenport, Dillon and Sullivan",2023-04-02 20:03:09.901238,France
cust_0429,jkane@example.org,"Bruce, Morrison and Cole",2023-01-15 21:26:58.854601,Germany
cust_0430,dylancook@example.com,Flores PLC,2023-11-29 19:37:24.223049,France
cust_0431,christopher17@example.net,Fitzpatrick-Mooney,2024-08-20 14:25:29.634760,Germany
cust_0432,vperez@example.org,Ruiz-Ramirez,2023-10-25 06:18:48.542720,Germany
cust_0433,lallen@example.net,Burgess-White,2023-07-24 20:08:33.836061,Germany
cust_0434,phall@example.com,Ellis LLC,2023-03-09 11:32:55.913659,France
cust_0435,qbarnes@example.org,"Miller, Ho and Smith",2024-12-31 00:00:00.000000,Italy
cust_0436,timothy96@example.com,Kennedy-Knox,2023-07-06 22:06:03.599141,France
cust_0437,estradamike@example.com,Berger PLC,2024-02-18 03:06:12.041664,Germany
cust_0438,melindawilliams@example.com,Ramos Group,2023-01-11 06:51:20.980200,France
cust_0439,andrewking@example.org,"Johnson, Sanford and Allen",2024-05-18 11:21:33.460521,UK
cust_0440,jennifer85@example.com,Fischer-Bennett,2023-01-11 23:42:38.288486,France
cust_0441,chaseemily@example.org,Montgomery-Sutton,2023-04-16 02:30:40.168544,UK
cust_0442,jillowens@example.org,Wallace-Hall,2023-01-08 23:06:39.097456,France
cust_0443,chelsea38@example.com,"Clark, Fleming and Smith",2024-10-05 14:34:36.847358,France
cust_0444,tracyscott@example.com,Giles-Lopez,2024-02-28 01:54:40.513095,France
cust_0445,chall@example.net,Morrow LLC,2023-02-11 21:30:15.557237,France
cust_0446,masonjames@example.com,Carr-Andrews,2024-05-27 10:30:36.740633,Spain
cust_0447,harrisonamy@example.com,Stewart and Sons,2024-12-10 07:12:34.559156,France
cust_0448,veronica12@example.com,Saunders LLC,2024-03-17 03:37:01.461663,France
cust_0449,natashabarnes@example.org,Garcia and Sons,2023-05-19 18:33:44.822449,Spain
cust_0450,mhoward@example.net,Kent and Sons,2023-01-06 05:38:13.230976,France
cust_0451,jennydavila@example.org,Kelley-Davis,2023-04-04 05:16:57.685088,France
cust_0452,ryanrodriguez@example.org,Williams-Mckinney,2023-03-22 01:56:55.793712,Germany
cust_0453,gina87@example.com,Brown-Marquez,2023-08-07 20:59:19.162791,Spain
cust_0454,wrightjeremy@example.org,Coleman Ltd,2024-11-11 06:40:50.408353,France
cust_0455,reidalexander@example.net,"Coleman, Maldonado and French",2023-05-01 03:07:55.274210,France
cust_0456,dyates@example.org,Mendez LLC,2023-12-23 22:15:01.444953,France
cust_0457,amberbrown@example.net,Wilkins-Leblanc,2024-01-27 10:11:51.206107,Germany
cust_0458,rodriguezjeremy@example.com,Espinoza Inc,2023-11-18 05:26:48.186753,Germany
cust_0459,melvin31@example.net,"Myers, Smith and Singleton",2023-05-20 12:28:47.145066,Italy
cust_0460,mhernandez@example.com,"Kelly, Simpson and Boyd",2024-07-30 21:38:35.649000,France
cust_0461,karaalvarez@example.com,"Lyons, Parker and Watkins",2024-12-31 00:00:00.000000,Germany
cust_0462,martinjerry@example.net,Walker-Arnold,2024-12-31 00:00:00.000000,UK
cust_0463,varias@example.net,"Brown, Jones and Montgomery",2023-08-10 12:03:48.761577,France
cust_0464,aanderson@example.net,"Rocha, Griffin and Gordon",2023-05-06 03:50:42.931155,Germany
cust_0465,heathergarcia@example.com,Barnes Group,2024-02-06 11:29:39.791658,France
cust_0466,rjackson@example.com,Hernandez Ltd,2023-03-02 00:42:51.914790,Spain
cust_0467,barrettmelissa@example.com,"Bishop, Franco and Mcintyre",2024-12-31 00:00:00.000000,Germany
cust_0468,rebeccamathews@example.com,"Moore, Lang and Evans",2023-03-17 08:12:24.088092,France
cust_0469,david90@example.org,"Garcia, Melendez and Johnson",2023-01-08 10:11:38.828916,Italy
cust_0470,andreaharris@example.com,Taylor-Ayala,2023-02-20 02:41:52.875325,Germany
cust_0471,jennifer60@example.net,Brown-Figueroa,2023-05-09 02:42:02.716513,Germany
cust_0472,lorialexander@example.com,"Mills, Lee and Banks",2024-02-26 13:19:51.190557,Spain
cust_0473,bmosley@example.net,Jones Inc,2023-04-03 11:32:39.350557,France
cust_0474,dustinwashington@example.com,Mitchell Inc,2023-02-28 21:11:50.922956,Italy
cust_0475,cameronramos@example.com,Lee Group,2024-12-31 00:00:00.000000,Germany
cust_0476,reyesteresa@example.com,Ferguson Ltd,2024-01-03 00:48:13.311545,UK
cust_0477,brentstanley@example.net,Mercado and Sons,2023-03-19 03:05:29.309748,Italy
cust_0478,kimsingleton@example.org,Kelly-Campos,2023-08-06 01:03:08.963009,France
cust_0479,juarezconnie@example.net,Cooke-Frey,2023-10-20 16:28:57.191440,France
cust_0480,chamberscarolyn@example.net,Castillo Inc,2023-03-14 17:52:20.526503,UK
cust_0481,scottmejia@example.net,Tucker-Erickson,2023-02-04 13:42:41.207219,UK
cust_0482,joshuacunningham@example.com,Church Ltd,2023-04-23 14:24:01.161231,France
cust_0483,wilsontodd@example.net,"Nguyen, Ramsey and Campbell",2023-05-17 06:15:39.753935,France
cust_0484,alice79@example.org,Reese Inc,2024-05-22 19:48:51.378233,France
cust_0485,rebecca27@example.net,"Bruce, Miller and Stewart",2023-12-01 06:10:40.421189,Germany
cust_0486,isaac18@example.net,Howard Inc,2024-03-11 20:47:34.302083,Italy
cust_0487,alishalara@example.com,Gross-Brooks,2024-06-11 13:29:26.174574,France
cust_0488,hernandezmaria@example.com,Harris PLC,2023-01-13 16:07:29.700166,France
cust_0489,jeangarner@example.net,"Parks, Page and Dunn",2023-12-28 14:58:56.128734,France
cust_0490,vincentjulia@example.com,Key-Evans,2023-10-02 08:41:49.840265,Germany
cust_0491,harveyanna@example.net,"Johnson, Olsen and Haynes",2023-06-12 17:35:09.701541,UK
cust_0492,miguel29@example.net,Martinez LLC,2023-02-15 02:06:05.694267,France
cust_0493,ballardjohn@example.org,"Johnson, Erickson and Wilson",2024-06-05 01:24:54.497079,Germany
cust_0494,joanne75@example.net,Garcia-Davis,2024-04-11 10:00:34.182137,Germany
cust_0495,rbowman@example.net,Reilly and Sons,2023-04-24 03:48:14.529895,Spain
cust_0496,deborah83@example.com,Hansen Group,2024-10-04 14:36:25.250464,UK
cust_0497,amcgee@example.com,"Harris, Carr and Morris",2023-05-08 01:28:28.933986,Germany
cust_0498,dorseyjulie@example.org,Cross Inc,2023-06-29 02:58:32.756039,France
cust_0499,geraldanderson@example.com,Knox-Warner,2024-12-31 00:00:00.000000,France
cust_0500,ggonzalez@example.org,Mitchell and Sons,2024-12-31 00:00:00.000000,Germany
cust_0501,tracy50@example.org,"Lewis, Craig and Green",2023-03-23 21:24:38.542929,Germany
cust_0502,ronald16@example.net,Haas and Sons,2024-12-31 00:00:00.000000,UK
cust_0503,linda58@example.org,"Payne, Giles and Myers",2024-10-19 02:49:14.629109,UK
cust_0504,brianna24@example.org,Rodgers Ltd,2024-04-16 10:07:00.577051,Spain
cust_0505,prichards@example.net,"Marsh, Hernandez and Mckee",2023-04-25 21:29:57.657067,Germany
cust_0506,kellyfisher@example.org,Medina and Sons,2023-04-11 00:07:33.741908,Italy
cust_0507,allentyrone@example.com,"Mckinney, Rodgers and Hernandez",2024-12-31 00:00:00.000000,France
cust_0508,fsimmons@example.net,"Fernandez, Hall and Gonzalez",2024-05-04 02:13:22.824044,Italy
cust_0509,tanya59@example.org,Gibson-Robinson,2023-03-21 15:52:01.645404,Germany
cust_0510,stephaniesingleton@example.org,"Armstrong, Gibson and Arnold",2024-12-31 00:00:00.000000,France
cust_0511,gutierrezabigail@example.org,"Robbins, Nelson and Alvarez",2024-04-23 03:56:25.390218,France
cust_0512,ecole@example.net,"Madden, Braun and Williams",2024-12-31 00:00:00.000000,Italy
cust_0513,jasonporter@example.com,Davis Inc,2024-12-31 00:00:00.000000,Germany
cust_0514,rcrawford@example.net,Kennedy-Blair,2024-12-31 00:00:00.000000,Spain
cust_0515,dustin74@example.com,"Combs, Wood and Garrison",2023-06-03 17:40:08.423715,Spain
cust_0516,ggonzales@example.com,Holt PLC,2023-01-16 02:00:50.524494,Germany
cust_0517,ccase@example.net,Frazier-Edwards,2023-04-15 13:12:42.895778,France
cust_0518,kaitlinchristian@example.com,Patterson LLC,2023-02-02 00:43:23.864599,UK
cust_0519,mary44@example.net,Mora Group,2023-06-16 03:07:47.011650,UK
cust_0520,kvilla@example.org,Garcia-Ford,2023-01-28 00:51:48.170516,France
cust_0521,fmoore@example.net,"Rivera, Perez and Johnson",2023-11-07 04:03:56.657666,UK
cust_0522,katelyn04@example.net,"Ramirez, Mitchell and Macias",2023-06-03 12:45:51.219308,UK
cust_0523,jamie20@example.net,"Odonnell, Smith and Levy",2024-12-31 00:00:00.000000,UK
cust_0524,bonnie07@example.net,"Bray, Rogers and Pierce",2023-04-17 02:04:12.620900,France
cust_0525,laura00@example.org,Griffin-Fritz,2024-12-31 00:00:00.000000,France
cust_0526,smorris@example.com,Walker Ltd,2024-12-31 00:00:00.000000,Germany
cust_0527,lisavalenzuela@example.net,Lynch-Silva,2024-12-31 00:00:00.000000,UK
cust_0528,maria68@example.net,Ramos-Donovan,2024-12-31 00:00:00.000000,France
cust_0529,peggy93@example.net,Ross-Smith,2024-08-06 00:14:32.954892,Germany
cust_0530,aaronfrench@example.net,"Cook, Bender and Brown",2023-09-19 11:23:53.236096,UK
cust_0531,alexandra29@example.org,"Salazar, Lopez and Nelson",2024-12-31 00:00:00.000000,Italy
cust_0532,debragibson@example.org,Gillespie Inc,2024-08-07 21:05:32.133324,Germany
cust_0533,andreshaw@example.com,"Castaneda, Dixon and Lucero",2023-08-07 19:52:04.540305,UK
cust_0534,francessmith@example.net,Hardy-Lopez,2023-04-20 03:09:34.389260,France
cust_0535,zmartinez@example.org,"Ellison, Young and Tate",2023-06-25 04:01:32.099893,France
cust_0536,deancrystal@example.org,Sullivan Group,2023-05-21 13:34:51.677148,France
cust_0537,cherrytracey@example.com,"Bruce, Gonzalez and Leblanc",2023-01-18 04:50:45.229195,France
cust_0538,hutchinsonjesus@example.net,Medina Group,2024-12-31 00:00:00.000000,Germany
cust_0539,robertsmith@example.net,"Terrell, Miles and Mullen",2023-07-14 00:22:18.420856,UK
cust_0540,paulramsey@example.net,Simmons-Mclean,2023-04-09 11:45:44.845319,Italy
cust_0541,ocox@example.net,Johnston-Marshall,2024-09-09 08:34:14.541620,France
cust_0542,hsmith@example.net,Molina-Figueroa,2023-08-05 05:25:18.590594,Spain
cust_0543,heathergrant@example.com,Kirby-Brown,2024-12-31 00:00:00.000000,Germany
cust_0544,qreed@example.org,Burgess Inc,2024-01-16 03:47:02.604242,France
cust_0545,ricardochang@example.org,"Walker, Nguyen and Bishop",2024-12-31 00:00:00.000000,France
cust_0546,aaronmoore@example.net,"Lee, Campos and Lopez",2024-12-31 00:00:00.000000,UK
cust_0547,williamsclaire@example.com,"Brown, Pineda and Jacobs",2024-01-10 07:53:36.022463,Germany
cust_0548,riggsstephanie@example.org,Johnson LLC,2023-04-15 21:27:22.569476,France
cust_0549,nguyensean@example.net,"Martinez, Patterson and Gonzalez",2023-04-10 15:12:54.096325,France
cust_0550,christiansparks@example.net,Larsen-Lynch,2024-08-27 21:30:40.581716,France
cust_0551,lowerysarah@example.org,"Villa, Benitez and Davies",2023-01-24 19:59:48.767980,Italy
cust_0552,lauren81@example.com,Palmer PLC,2024-12-31 00:00:00.000000,Italy
cust_0553,cgriffin@example.net,Conner and Sons,2024-12-31 00:00:00.000000,France
cust_0554,scotthines@example.org,"Rodriguez, Hicks and Oconnor",2023-07-21 19:59:08.905133,UK
cust_0555,alyssa01@example.net,"Bridges, Scott and Daniel",2024-04-21 07:38:09.107681,France
cust_0556,samantha31@example.org,Dunn-Jackson,2024-11-07 18:21:53.383207,France
cust_0557,longmark@example.com,"Weaver, Maldonado and Barrett",2023-04-12 08:19:49.577191,Germany
cust_0558,mdavis@example.net,"Hall, Chavez and Gates",2023-12-26 12:25:38.755900,Germany
cust_0559,tiffanymorales@example.com,Mora Group,2023-02-08 09:04:50.406678,Spain
cust_0560,brianlane@example.com,Kim PLC,2023-05-04 11:32:03.759372,France
cust_0561,cpope@example.org,Perkins and Sons,2024-12-31 00:00:00.000000,Italy
cust_0562,rbenton@example.com,Vaughan Ltd,2024-12-31 00:00:00.000000,Spain
cust_0563,smithkathryn@example.com,Allen LLC,2024-03-01 23:09:36.041424,Germany
cust_0564,jeancombs@example.net,Jenkins PLC,2023-02-06 09:38:49.231761,Germany
cust_0565,vmurphy@example.net,Bates LLC,2023-07-06 12:35:45.437474,France
cust_0566,alexandertammy@example.com,"Fuentes, Perez and Thompson",2024-05-29 02:27:12.844699,Germany
cust_0567,ybrown@example.net,"Strong, Lee and Nelson",2023-02-03 19:23:12.096461,France
cust_0568,jason59@example.net,"Lindsey, Kim and Riley",2024-04-04 20:49:59.609761,France
cust_0569,lwatts@example.com,Murray-Murray,2024-12-31 00:00:00.000000,Germany
cust_0570,pittmankayla@example.org,Mason-Campbell,2023-09-20 00:31:45.549774,Germany
cust_0571,amanda03@example.org,Martin-Johnson,2024-11-27 11:01:11.871361,France
cust_0572,ricky81@example.net,Garcia-Lester,2024-03-29 07:14:14.712214,Germany
cust_0573,fstuart@example.com,Mckay-Rodriguez,2023-05-05 06:13:19.911973,Spain
cust_0574,uwallace@example.org,Novak-Fleming,2024-09-30 15:50:28.622494,UK
cust_0575,jonesmisty@example.net,"Mullins, Martin and Jenkins",2024-12-31 00:00:00.000000,Spain
cust_0576,xmckenzie@example.com,"Stevens, Zamora and Williams",2024-05-07 21:33:18.290626,Spain
cust_0577,timothywhite@example.org,Thornton-Martin,2024-04-23 05:33:53.200696,UK
cust_0578,kennethwall@example.net,"Davis, Marquez and Fox",2024-01-21 13:47:22.641407,UK
cust_0579,katherine93@example.com,"Morrow, Wright and Mcclain",2023-03-11 01:51:50.703942,Spain
cust_0580,mdeleon@example.org,"Huang, Barron and Mathews",2024-12-31 00:00:00.000000,France
cust_0581,jasonfloyd@example.org,Gross-Price,2024-11-30 01:24:53.324075,France
cust_0582,williamsjamie@example.net,"Curtis, Torres and Jenkins",2023-06-13 06:12:39.715522,UK
cust_0583,jeremyduncan@example.org,Nichols Inc,2023-03-12 02:28:51.504254,Spain
cust_0584,fwoods@example.org,Hardy-Robinson,2024-12-14 20:04:00.664742,Germany
cust_0585,nathanmiles@example.com,"Anderson, Bautista and Campbell",2023-01-03 13:30:03.408218,France
cust_0586,kimjones@example.org,Beasley-Rhodes,2024-01-19 19:28:59.325211,Italy
cust_0587,joseph33@example.com,Garrett and Sons,2024-02-04 15:59:28.288518,France
cust_0588,christopher07@example.net,Murray Inc,2024-02-07 01:19:12.965660,Germany
cust_0589,terry64@example.com,"Hodge, Brown and Espinoza",2024-08-28 08:52:55.953274,France
cust_0590,wmiller@example.net,Gordon-Patel,2024-07-26 13:31:17.094253,Germany
cust_0591,alexandraking@example.org,Rodriguez-Cole,2024-12-31 00:00:00.000000,France
cust_0592,bhunter@example.net,Collins Group,2024-02-05 13:05:29.380244,Italy
cust_0593,rebeccamoss@example.net,"Flynn, Jensen and Mcfarland",2023-02-13 06:16:07.599312,Italy
cust_0594,lisa07@example.com,Johnson-Perez,2024-04-10 18:06:16.135763,France
cust_0595,johnsonzachary@example.net,Jones-Bush,2023-05-24 05:18:11.511760,UK
cust_0596,jonesstephen@example.org,Sharp Group,2023-01-28 21:22:08.050763,Germany
cust_0597,lisagraham@example.com,Wilson Inc,2023-06-19 18:54:13.185033,UK
cust_0598,clarkkyle@example.com,Davis PLC,2023-01-19 17:29:02.029446,Spain
cust_0599,andersonbrian@example.net,"House, Turner and Callahan",2024-12-31 00:00:00.000000,Italy
cust_0600,smithcaitlin@example.net,"Tran, Morgan and Kennedy",2024-07-07 23:03:55.824580,France
cust_0601,jefferygreen@example.net,Moses-Espinoza,2024-07-21 23:05:42.068902,France
cust_0602,sarah36@example.net,Hunter Ltd,2023-01-09 22:46:14.513703,France
cust_0603,collinsstephen@example.net,"Chavez, Hunt and Miller",2023-09-26 06:36:06.045293,UK
cust_0604,salinasdennis@example.net,Fowler-Fleming,2024-04-04 21:56:34.721347,Germany
cust_0605,seanhartman@example.org,"White, Chandler and Newton",2023-05-08 21:02:06.578019,Italy
cust_0606,julie35@example.org,"Murphy, Miller and Walker",2023-08-11 04:14:28.266203,Germany
cust_0607,sandra50@example.org,"Waller, Howard and Alvarez",2023-03-13 11:17:49.947229,UK
cust_0608,wesley43@example.net,"Booth, Sims and Ramirez",2024-04-18 06:04:10.146544,France
cust_0609,leejames@example.net,Carey-Goodman,2023-02-04 09:20:28.846546,UK
cust_0610,colemanrachel@example.net,Stone LLC,2024-03-01 02:49:58.463264,France
cust_0611,benjaminphillips@example.com,Knight LLC,2024-12-31 00:00:00.000000,France
cust_0612,jmoore@example.net,Robles Ltd,2023-08-15 11:44:43.209718,Italy
cust_0613,xwu@example.net,Perry LLC,2023-08-06 16:52:06.851489,UK
cust_0614,bautistajennifer@example.com,Fisher and Sons,2023-07-22 17:30:47.911996,France
cust_0615,smithjoseph@example.net,"Salazar, Ashley and Roy",2024-12-31 00:00:00.000000,Germany
cust_0616,jennifer15@example.org,"Oneal, Pacheco and Gibbs",2024-12-31 00:00:00.000000,France
cust_0617,kaylafuller@example.org,Hampton-Saunders,2023-04-06 20:44:12.412453,France
cust_0618,john38@example.org,Rivera LLC,2024-02-26 20:07:12.882754,France
cust_0619,thompsonstephen@example.com,"Payne, Stewart and Reeves",2024-12-31 00:00:00.000000,Germany
cust_0620,qrosario@example.org,Graham PLC,2024-12-31 00:00:00.000000,France
cust_0621,hayleytucker@example.net,Myers LLC,2024-12-31 00:00:00.000000,UK
cust_0622,brewerrichard@example.com,Smith Ltd,2024-08-12 11:26:37.036840,Spain
cust_0623,wallerbrittany@example.com,Young-Brown,2024-07-26 13:21:51.411585,UK
cust_0624,wmiller@example.com,Villarreal PLC,2023-02-26 06:39:44.153657,France
cust_0625,april63@example.org,"Henderson, Kidd and Ayala",2024-12-31 00:00:00.000000,UK
cust_0626,albertwilliams@example.com,"Fitzgerald, Boone and Lynn",2024-09-28 21:48:58.945477,Germany
cust_0627,rick89@example.org,Cooper Group,2023-02-19 21:52:47.913854,France
cust_0628,debrachapman@example.org,Gibson-Sandoval,2024-04-07 18:59:47.844489,Germany
cust_0629,annamartinez@example.org,Berry-Brown,2023-03-31 12:28:36.764255,Germany
cust_0630,mcannon@example.com,"Odom, Maddox and Gilmore",2023-01-27 13:05:07.035422,Germany
cust_0631,daltonjames@example.com,Combs-Horne,2023-05-06 07:59:41.450927,UK
cust_0632,willie14@example.net,Kelly-Lawrence,2023-05-29 15:14:55.006547,Germany
cust_0633,powelllaura@example.com,"Shepard, Hays and Wilson",2023-01-05 16:12:37.533920,France
cust_0634,cindymeyer@example.net,Ellis PLC,2023-07-19 08:34:04.699282,Germany
cust_0635,ryangonzales@example.net,Horn-Burke,2024-01-02 12:53:03.096681,France
cust_0636,jdelgado@example.com,"Le, Morton and Blair",2024-04-19 22:53:14.993290,Spain
cust_0637,isaacedwards@example.net,"Pearson, Rangel and Mathis",2024-08-28 09:07:34.073388,France
cust_0638,daniel92@example.com,Hart Group,2023-09-19 23:03:27.642313,France
cust_0639,marklewis@example.net,Camacho Inc,2023-04-21 20:27:37.133040,Italy
cust_0640,derrick45@example.org,"Hess, Duncan and Shelton",2023-03-03 11:47:50.859101,Germany
cust_0641,michaeljackson@example.net,Arnold Group,2024-01-21 02:19:38.552262,UK
cust_0642,whitejamie@example.net,Martinez LLC,2023-11-25 01:45:04.574757,France
cust_0643,csantiago@example.com,Smith-Ewing,2023-06-08 02:00:51.932086,Germany
cust_0644,wellis@example.com,Pena Ltd,2023-02-06 18:54:05.775116,France
cust_0645,jamesgray@example.net,Fisher Ltd,2023-01-14 12:09:42.187583,France
cust_0646,ngrant@example.org,"Gregory, Olsen and Coleman",2023-07-22 06:49:27.098190,France
cust_0647,ibell@example.com,Elliott-Cook,2023-12-02 07:22:01.479410,UK
cust_0648,uhenderson@example.net,Morris-Booker,2024-10-06 22:48:24.852468,France
cust_0649,wendymartinez@example.com,"Moore, Washington and Young",2023-03-15 07:41:27.230268,France
cust_0650,tracy91@example.net,Cisneros-Roberts,2024-02-09 17:07:39.004175,UK
cust_0651,walkerandres@example.com,Guzman Group,2023-01-13 20:07:09.007197,Italy
cust_0652,wallacetyler@example.net,Gillespie Ltd,2023-01-22 08:21:23.985067,Germany
cust_0653,mathewhuber@example.net,"Odom, Golden and Underwood",2024-05-08 20:32:38.540356,Spain
cust_0654,shoffman@example.org,Atkins-King,2024-05-15 19:50:51.862457,Spain
cust_0655,sbriggs@example.org,Howard PLC,2023-06-15 20:57:15.810501,Spain
cust_0656,sandra82@example.org,Graham and Sons,2023-02-03 09:39:42.903642,Spain
cust_0657,ricky88@example.org,"Cook, Clayton and Henderson",2023-11-14 06:26:53.360296,Spain
cust_0658,jamesrichardson@example.com,Berry-Ramos,2023-08-29 19:47:07.190075,UK
cust_0659,josephblack@example.net,Whitney and Sons,2023-10-26 23:01:08.450415,UK
cust_0660,john58@example.net,Smith-Hutchinson,2023-02-04 01:29:13.340162,France
cust_0661,baustin@example.com,Jackson LLC,2023-04-24 12:44:26.564580,France
cust_0662,gfox@example.com,Ruiz-Tucker,2024-12-31 00:00:00.000000,France
cust_0663,hendersonsteven@example.net,Johnson LLC,2024-12-31 00:00:00.000000,France
cust_0664,xmartinez@example.net,"Leonard, Morrison and Murphy",2023-03-22 09:57:22.313509,UK
cust_0665,stephanienunez@example.com,"Estrada, Johnson and Mejia",2024-03-06 00:09:20.056603,Germany
cust_0666,tward@example.org,Lopez PLC,2023-11-21 04:47:01.217436,UK
cust_0667,markwilson@example.com,Lee Ltd,2023-04-14 17:51:19.722933,Italy
cust_0668,stephanie50@example.org,"Wilson, Kim and Lopez",2024-12-31 00:00:00.000000,UK
cust_0669,beltranluis@example.com,Steele Inc,2023-03-31 00:41:20.663885,UK
cust_0670,justin03@example.com,Fitzgerald-Green,2023-01-30 23:23:55.570593,France
cust_0671,mcleancynthia@example.com,Taylor-Morse,2023-04-30 04:35:45.708480,Germany
cust_0672,ibarton@example.net,Ward Ltd,2024-12-31 00:00:00.000000,UK
cust_0673,michaelgarcia@example.org,"Briggs, Lopez and Johns",2024-06-27 00:21:49.988137,Germany
cust_0674,mgonzalez@example.org,Gibbs PLC,2023-06-19 19:39:57.289749,France
cust_0675,cwright@example.org,Williams-Russell,2024-12-31 00:00:00.000000,France
cust_0676,john26@example.net,"Bailey, Shelton and King",2024-12-31 00:00:00.000000,Germany
cust_0677,cdominguez@example.com,Roberts-Jones,2023-08-19 22:33:04.240558,UK
cust_0678,juan61@example.com,Nicholson LLC,2023-09-24 17:36:33.532389,Spain
cust_0679,tbell@example.org,Clark-Olson,2024-12-31 00:00:00.000000,Germany
cust_0680,jessica90@example.com,Hartman LLC,2023-05-10 15:26:09.268863,Germany
cust_0681,blake89@example.org,Torres LLC,2024-12-31 00:00:00.000000,France
cust_0682,bentonkatelyn@example.net,Johnson-Reeves,2024-01-26 04:02:45.578097,UK
cust_0683,elliottlori@example.org,Lee Ltd,2024-06-12 08:55:41.322784,France
cust_0684,ramirezrobert@example.net,Cherry Ltd,2024-05-18 06:22:59.259433,Italy
cust_0685,julianadkins@example.com,House-Foster,2023-03-21 05:25:11.220562,France
cust_0686,scottharrington@example.com,Palmer LLC,2024-12-31 00:00:00.000000,France
cust_0687,christopher56@example.org,Moore-Marquez,2024-12-31 00:00:00.000000,Germany
cust_0688,gomezchelsea@example.com,Mendez Inc,2023-04-24 14:22:15.283005,Spain
cust_0689,savagecarrie@example.net,"Mcdonald, Owen and Mayer",2023-08-24 17:38:17.971352,Germany
cust_0690,brian40@example.net,"Gordon, Payne and Brown",2023-06-28 00:51:48.989185,Germany
cust_0691,ramospaige@example.com,"Craig, Maddox and Hunter",2023-03-13 10:09:00.205665,France
cust_0692,natashacampbell@example.org,Perry Inc,2024-12-31 00:00:00.000000,France
cust_0693,brandon90@example.org,Medina-Paul,2024-03-03 16:52:15.208911,France
cust_0694,hollanddeborah@example.org,Hurley-Welch,2024-08-16 22:57:36.830840,France
cust_0695,richarddaniels@example.com,"Rodriguez, Stout and Harris",2024-12-31 00:00:00.000000,Germany
cust_0696,yturner@example.com,"Moore, Cabrera and Scott",2023-04-18 16:50:02.463281,France
cust_0697,kellytracy@example.org,Valenzuela and Sons,2023-03-16 09:57:51.210015,Germany
cust_0698,jill44@example.net,Wilcox-Williams,2023-06-14 09:27:24.358067,Spain
cust_0699,katherineadams@example.org,"Norris, Richardson and Mack",2023-08-14 11:18:03.710094,France
cust_0700,nwest@example.com,"Baker, Finley and Schmitt",2024-01-20 00:56:58.556779,UK
cust_0701,rebekah59@example.net,"Johnson, Bishop and Johnson",2023-03-15 02:36:38.512023,France
cust_0702,qjohnson@example.com,Woods-Golden,2023-01-15 22:39:46.760008,UK
cust_0703,haascarla@example.com,Camacho-Tanner,2024-03-12 00:36:00.869084,Germany
cust_0704,joshuageorge@example.net,"Hart, Garcia and Mathews",2024-12-31 00:00:00.000000,Spain
cust_0705,beverly13@example.org,"Beck, Thompson and Evans",2023-12-19 03:10:39.831257,Spain
cust_0706,zhernandez@example.net,Lopez and Sons,2023-04-03 04:31:47.148807,France
cust_0707,dwatkins@example.org,Davis-Wang,2023-05-06 17:55:51.365963,France
cust_0708,duransusan@example.org,"Fields, Castillo and Smith",2023-10-31 00:08:05.320341,Italy
cust_0709,nicole26@example.org,"Garcia, Cook and Smith",2023-01-17 01:19:43.671108,France
cust_0710,pittmanbrittney@example.net,Whitney Group,2023-08-29 17:41:42.661315,Italy
cust_0711,davisgail@example.com,Davis Group,2023-06-02 00:14:45.118123,Germany
cust_0712,laura89@example.com,Rivera Ltd,2023-01-17 23:37:57.492516,France
cust_0713,martinronald@example.com,"Martin, Wolfe and James",2024-12-31 00:00:00.000000,Italy
cust_0714,leblanctara@example.net,Thomas Ltd,2023-01-02 23:32:28.825975,Italy
cust_0715,rbeard@example.com,"Holder, Hernandez and Hale",2024-02-12 16:24:44.244927,Spain
cust_0716,william75@example.net,Thomas and Sons,2023-08-31 14:19:32.819820,Germany
cust_0717,leah49@example.net,Chapman Group,2023-09-26 10:25:14.863026,UK
cust_0718,qgibson@example.com,"Giles, Stanley and Monroe",2023-03-02 04:00:27.217479,France
cust_0719,danielsdebra@example.org,Anderson-Morales,2023-05-28 05:27:13.121756,UK
cust_0720,megannewman@example.com,"Clark, Green and Nelson",2023-04-01 04:26:43.161329,UK
cust_0721,wagnerrobin@example.net,"Rivers, Gaines and Bridges",2024-12-31 00:00:00.000000,France
cust_0722,ireyes@example.org,Gilbert-Foster,2024-03-22 15:09:33.139741,Germany
cust_0723,lwilliams@example.org,Williams Inc,2024-12-31 00:00:00.000000,France
cust_0724,gibsontiffany@example.net,Smith LLC,2024-04-16 21:01:22.127705,Spain
cust_0725,nathaniel63@example.com,"Sloan, Clark and Evans",2024-12-31 00:00:00.000000,UK
cust_0726,cruzalbert@example.net,"Miller, Elliott and Ward",2023-10-03 00:07:15.891855,UK
cust_0727,shermanvernon@example.org,Preston-Bradford,2024-12-31 00:00:00.000000,Germany
cust_0728,pwilson@example.net,Howard-Daniels,2023-01-13 08:14:23.460884,Italy
cust_0729,crodriguez@example.org,Cunningham Inc,2024-04-12 20:42:44.444545,UK
cust_0730,aaron22@example.net,Everett-Hawkins,2023-04-08 04:08:49.851503,UK
cust_0731,cthompson@example.net,"Hughes, Stewart and Quinn",2023-07-20 06:15:18.082801,UK
cust_0732,lawsonstacy@example.com,Brown Inc,2023-02-15 02:02:43.657130,UK
cust_0733,jamiemurphy@example.com,Wilson-Mercado,2024-12-31 00:00:00.000000,France
cust_0734,jacobpoole@example.com,"Hamilton, Underwood and Riggs",2024-12-31 00:00:00.000000,Germany
cust_0735,sarahellis@example.net,Butler Group,2024-12-31 00:00:00.000000,UK
cust_0736,ericksonjoseph@example.org,Cobb and Sons,2023-12-01 19:43:44.460822,UK
cust_0737,tracy09@example.net,Kelley-Ray,2024-12-31 00:00:00.000000,Germany
cust_0738,petersenmichael@example.org,"Thomas, Cooley and Schroeder",2023-06-08 10:10:06.808777,UK
cust_0739,april49@example.net,Mckinney Inc,2024-10-21 18:47:43.053080,UK
cust_0740,alison22@example.org,Collins-Stephenson,2024-10-01 10:13:42.866035,Germany
cust_0741,crawfordjessica@example.net,Mills-Jones,2024-11-12 03:14:44.956695,France
cust_0742,kristin65@example.net,Cruz-Morgan,2023-11-11 12:49:19.315578,France
cust_0743,brandon34@example.net,Cunningham-Hahn,2023-06-06 23:19:12.838997,France
cust_0744,josephholland@example.net,Anderson-Booth,2023-07-21 18:53:00.736120,UK
cust_0745,carterisaiah@example.com,"Knight, Washington and Bonilla",2023-07-16 18:34:45.444106,Germany
cust_0746,sanfordsteve@example.org,Rodriguez and Sons,2023-04-19 11:37:20.020177,France
cust_0747,amandatrujillo@example.org,King-Greer,2023-04-14 03:07:15.370742,France
cust_0748,christopher92@example.net,Neal Inc,2024-01-05 23:30:58.014206,UK
cust_0749,lgriffith@example.com,Bryant Ltd,2024-01-22 11:56:23.313929,Germany
cust_0750,hayesderek@example.net,"Steele, Alvarado and Matthews",2023-07-11 01:49:38.315593,Spain
cust_0751,kdunn@example.com,Howard-Rodriguez,2023-10-20 19:45:26.373943,Germany
cust_0752,abigailjames@example.com,"Todd, Johnson and Edwards",2023-01-11 09:22:29.704236,France
cust_0753,christophergray@example.com,Robinson Ltd,2023-07-11 08:10:23.170903,France
cust_0754,gmorgan@example.com,Ferguson and Sons,2023-12-14 03:56:46.056144,Germany
cust_0755,brittany53@example.net,Williams-Cobb,2024-01-10 12:00:46.941978,UK
cust_0756,charles59@example.com,Johnson-Simpson,2024-11-01 15:04:33.075327,UK
cust_0757,kennethhardin@example.org,Coleman-Richard,2024-12-31 00:00:00.000000,France
cust_0758,ashleypugh@example.org,Lowe-Pierce,2023-03-29 03:38:49.714224,France
cust_0759,mccormickpatricia@example.net,"Johnson, Ortiz and Adams",2024-02-22 01:16:33.936652,Spain
cust_0760,kendramanning@example.com,Jordan-Brown,2023-04-22 14:40:54.138240,Italy
cust_0761,cynthia65@example.org,Villanueva-Phillips,2023-01-25 20:44:06.211002,Italy
cust_0762,bryan83@example.com,"Davis, Savage and Foster",2023-06-23 07:30:42.484834,France
cust_0763,philipwilliamson@example.net,Johns-Cole,2023-09-24 02:42:44.889964,France
cust_0764,christine82@example.org,Hamilton-Mcdaniel,2023-05-15 02:49:54.943968,France
cust_0765,john73@example.net,Richardson-King,2024-10-11 20:57:25.170005,Germany
cust_0766,kellyrobbins@example.net,Mcgee Ltd,2023-05-30 04:25:21.645239,UK
cust_0767,donald33@example.org,"Harris, Merritt and Bowers",2024-05-18 17:23:33.203838,France
cust_0768,pward@example.com,Padilla Ltd,2023-08-02 11:11:48.501627,France
cust_0769,alexandriaharrell@example.org,Fox-Robinson,2023-03-21 22:35:39.300477,UK
cust_0770,edwardspenny@example.net,Soto-Rodriguez,2023-03-22 01:58:58.764875,Germany
cust_0771,melissastokes@example.org,"Campbell, Torres and Wells",2024-05-08 20:04:24.940636,France
cust_0772,hesscharles@example.net,Howard and Sons,2023-12-02 02:17:35.435955,France
cust_0773,cynthiamaldonado@example.com,Martin and Sons,2024-12-31 00:00:00.000000,Germany
cust_0774,ywilson@example.net,"Waters, Moore and Castillo",2024-10-17 22:38:37.274566,Germany
cust_0775,clarkernest@example.org,Fields-Martin,2023-01-18 18:04:38.183112,UK
cust_0776,kross@example.com,Davis Group,2024-12-31 00:00:00.000000,UK
cust_0777,jacksonjames@example.org,Mitchell LLC,2024-11-15 02:54:04.540299,Spain
cust_0778,mendozajonathan@example.org,"Martinez, Thomas and Garza",2023-04-14 13:11:27.715309,France
cust_0779,tmcclain@example.com,White-Cole,2024-01-13 15:37:11.356361,Germany
cust_0780,kimberly14@example.com,Gilbert-Guzman,2024-12-31 00:00:00.000000,Italy
cust_0781,beth96@example.org,Dalton-Pineda,2023-06-24 10:10:50.134317,France
cust_0782,gibbsdavid@example.com,Allen Group,2024-08-29 14:35:06.862587,France
cust_0783,ricardo55@example.com,"Taylor, Bryan and Green",2024-11-22 18:31:03.665938,Germany
cust_0784,qcampbell@example.org,"Wood, Castro and Simmons",2024-03-16 12:08:55.790778,France
cust_0785,haneylisa@example.net,Garcia-Cannon,2024-01-27 02:48:13.906899,Germany
cust_0786,nkeller@example.org,"Thomas, Jordan and Burton",2023-12-20 08:15:25.196542,France
cust_0787,carlaholden@example.com,Baxter-Henry,2024-06-18 01:09:52.292109,Spain
cust_0788,smccall@example.net,Villa Group,2023-04-08 17:11:13.690356,France
cust_0789,marysandoval@example.net,Hancock LLC,2023-01-10 13:39:20.215235,UK
cust_0790,cbrooks@example.net,Jones-Gay,2024-01-09 16:10:32.678075,Germany
cust_0791,michaeljennings@example.org,"Russell, Conner and Martinez",2023-04-16 13:24:28.671251,France
cust_0792,kpeterson@example.org,Curry and Sons,2023-12-28 00:43:48.202959,Germany
cust_0793,osilva@example.com,Page LLC,2024-12-31 00:00:00.000000,France
cust_0794,lee40@example.net,"Williams, Thompson and Williams",2024-04-20 04:00:30.957251,Germany
cust_0795,vargaskathryn@example.net,King-Russo,2023-08-12 14:04:01.654523,UK
cust_0796,pbowen@example.com,Weaver-Reese,2024-04-16 15:05:48.203053,Italy
cust_0797,zharvey@example.net,Moran-Good,2023-02-24 23:12:50.370160,France
cust_0798,daniel81@example.net,Bernard Group,2024-05-30 10:23:40.381678,Germany
cust_0799,patriciamcdonald@example.com,Yates Inc,2023-05-09 04:05:43.035073,France
cust_0800,katelyn27@example.net,"Garcia, Thomas and Cook",2023-02-05 19:41:18.103969,Spain
cust_0801,brian15@example.org,"Kelly, Jones and Wallace",2023-03-27 05:04:43.341080,France
cust_0802,wlin@example.net,Estrada and Sons,2023-04-13 19:30:20.048105,France
cust_0803,kathyneal@example.net,Smith and Sons,2023-01-29 18:43:59.026885,Germany
cust_0804,alexander47@example.com,Howell and Sons,2023-01-29 00:03:56.610804,Spain
cust_0805,sgonzalez@example.com,"Blackwell, White and Williams",2023-04-17 11:29:38.953566,Germany
cust_0806,moorerichard@example.com,Franklin and Sons,2024-12-31 00:00:00.000000,UK
cust_0807,sandovalkendra@example.net,Powers LLC,2023-11-01 12:49:19.461783,France
cust_0808,jodi67@example.com,Lee Ltd,2023-06-11 23:41:37.578296,UK
cust_0809,emily04@example.org,Bell and Sons,2024-12-31 00:00:00.000000,UK
cust_0810,joshua24@example.net,"Donovan, Jones and Jordan",2023-11-23 09:10:22.459053,UK
cust_0811,vwalsh@example.net,Weber-Young,2023-09-08 08:22:48.391072,France
cust_0812,danielle83@example.com,"Stokes, Allen and Booth",2023-11-27 11:39:24.830575,Italy
cust_0813,xcollins@example.com,Larsen LLC,2023-03-19 02:17:45.471231,UK
cust_0814,christopher39@example.org,Parker Ltd,2023-03-31 17:23:20.039732,Germany
cust_0815,obowman@example.com,"White, Reed and Anderson",2023-02-10 16:04:30.156754,Germany
cust_0816,scott31@example.org,Sanders-Strickland,2024-07-18 12:03:50.119227,France
cust_0817,moodylauren@example.com,Martinez-Pham,2024-03-13 08:16:05.590598,UK
cust_0818,mary40@example.com,Mclaughlin-Velasquez,2024-12-31 00:00:00.000000,France
cust_0819,pattersonshannon@example.org,Jones Inc,2023-07-23 20:59:12.753526,France
cust_0820,robbinsteresa@example.org,Schmidt-Lopez,2024-12-31 00:00:00.000000,Italy
cust_0821,medinamarcus@example.com,"Ramirez, Brown and Turner",2023-11-07 13:46:54.294498,Spain
cust_0822,klowe@example.net,Graham-Lopez,2023-10-22 09:16:57.975109,UK
cust_0823,charles68@example.org,Olson-Rhodes,2023-02-07 08:09:00.733007,UK
cust_0824,felicia08@example.org,Anderson-Williams,2023-02-24 15:43:06.305511,Spain
cust_0825,willie97@example.com,Bryant PLC,2024-09-01 08:32:06.156165,UK
cust_0826,michelle92@example.org,"Gonzalez, Bowen and Schmidt",2023-01-15 17:34:17.519862,France
cust_0827,cthomas@example.com,"Taylor, Reed and Smith",2023-05-03 03:04:24.010031,France
cust_0828,johnsandrew@example.com,Reyes-King,2023-02-06 16:32:49.018181,Italy
cust_0829,vschroeder@example.com,Spence LLC,2023-11-19 19:07:58.728456,France
cust_0830,mcarey@example.net,"Baker, Haney and Jefferson",2023-07-22 07:45:04.819044,Germany
cust_0831,gboyle@example.net,Warren Ltd,2024-01-03 02:39:56.282831,Germany
cust_0832,robertrichardson@example.net,Diaz PLC,2024-12-31 00:00:00.000000,Germany
cust_0833,misty32@example.org,Kirk LLC,2024-12-31 00:00:00.000000,Spain
cust_0834,martinezsamantha@example.org,Summers-Munoz,2023-04-04 12:51:04.913491,Italy
cust_0835,mcgrathandrea@example.com,Orr PLC,2023-02-19 11:38:33.659864,Spain
cust_0836,hbrewer@example.com,Liu-Rogers,2023-07-11 14:47:58.341135,Spain
cust_0837,erinjames@example.net,Boyd-Saunders,2024-12-31 00:00:00.000000,Spain
cust_0838,ybaker@example.org,Wright-Collins,2024-09-16 07:36:35.489581,France
cust_0839,weaverkevin@example.com,Garcia-Garcia,2023-02-03 18:03:38.737178,Germany
cust_0840,jessica35@example.com,Navarro LLC,2023-03-18 05:36:58.407552,UK
cust_0841,pwilson@example.org,Kelly-Cruz,2023-06-19 22:05:02.729925,Italy
cust_0842,michaellopez@example.org,Harris-Bradshaw,2024-02-14 17:48:32.758368,Spain
cust_0843,annehenson@example.com,"Hart, Huffman and Butler",2023-02-26 20:48:53.294972,Spain
cust_0844,mcox@example.net,Parsons-Brady,2024-12-31 00:00:00.000000,Germany
cust_0845,atkinsonamy@example.net,"Bradley, Hall and Cordova",2024-01-08 19:38:48.761952,UK
cust_0846,kingstacie@example.org,"Patterson, Cantu and Miller",2023-03-18 20:53:33.220190,Germany
cust_0847,klowery@example.com,"Jackson, Perez and Gonzalez",2023-07-23 10:33:29.629540,France
cust_0848,janiceanderson@example.org,"Rodriguez, Blake and Baxter",2023-07-03 06:02:34.913705,France
cust_0849,mathewsmichael@example.com,"Mercado, Ware and Newton",2023-01-11 11:02:54.411722,France
cust_0850,sarah02@example.net,Patton-Peters,2024-12-31 00:00:00.000000,Germany
cust_0851,coxmichael@example.org,Black PLC,2024-12-31 00:00:00.000000,Germany
cust_0852,vchase@example.net,Trujillo-Gomez,2023-05-30 11:30:45.331109,Germany
cust_0853,dcarter@example.com,James-Johnson,2023-08-20 13:53:24.540054,France
cust_0854,wwood@example.org,Rhodes Group,2024-02-14 13:54:44.503977,France
cust_0855,lucasbarbara@example.org,Farmer PLC,2024-01-22 14:24:09.832519,UK
cust_0856,jaredwoods@example.org,Little-Guerrero,2023-03-07 23:04:40.565722,France
cust_0857,markvazquez@example.net,"Parker, Doyle and Barnett",2024-08-30 00:55:00.245819,Germany
cust_0858,echerry@example.org,Brown Group,2023-01-24 23:16:09.987588,Italy
cust_0859,christopherbowers@example.net,Combs Inc,2023-01-24 19:21:50.334028,UK
cust_0860,patrick32@example.org,"Shaw, Cunningham and Hernandez",2024-12-31 00:00:00.000000,France
cust_0861,valerieanderson@example.net,"Watkins, Walker and George",2023-03-03 09:02:30.724233,France
cust_0862,christiancraig@example.com,Martin LLC,2023-05-25 13:06:04.237325,France
cust_0863,smithdonna@example.net,Baker-Andersen,2024-04-16 06:31:22.480718,France
cust_0864,ericmiller@example.com,"Parsons, Williams and Gardner",2023-10-12 20:50:38.484141,Italy
cust_0865,robinsonashley@example.org,Hampton Inc,2024-11-03 17:44:53.721947,UK
cust_0866,schwartzemily@example.net,Sanders LLC,2023-05-27 06:13:43.671486,UK
cust_0867,jose35@example.com,Adams-Conner,2023-10-27 11:58:35.531197,Germany
cust_0868,jerry70@example.org,"Rios, Johnson and Flynn",2023-02-26 00:45:27.677734,Spain
cust_0869,matthew45@example.net,Smith-Ramos,2023-08-27 23:28:37.509639,France
cust_0870,matthewfisher@example.net,"Hayes, Barnes and Tapia",2023-07-03 09:27:27.937714,Germany
cust_0871,james57@example.net,Miller-Johnson,2024-12-04 00:44:47.077689,UK
cust_0872,phillipgallagher@example.com,Whitney-Ortega,2024-08-09 15:55:11.752442,France
cust_0873,tony21@example.net,"Bell, Thornton and Perez",2023-08-04 05:55:58.993800,Germany
cust_0874,uclark@example.com,Rodriguez LLC,2023-01-08 18:02:12.691960,France
cust_0875,nelsonapril@example.org,Clark Inc,2024-07-25 07:55:01.000049,France
cust_0876,olivia42@example.net,Miller LLC,2023-11-03 13:17:47.164353,France
cust_0877,richard64@example.org,"Shannon, Gallegos and Adams",2023-01-05 21:04:13.333398,France
cust_0878,vlee@example.com,Barton-Anderson,2024-12-31 00:00:00.000000,Spain
cust_0879,elizabeth55@example.net,Morrison-Sampson,2024-12-31 00:00:00.000000,Germany
cust_0880,whiteelizabeth@example.com,Martinez Ltd,2023-02-16 11:52:46.416986,Germany
cust_0881,zbryan@example.net,Downs-Evans,2023-08-31 07:56:42.930364,Spain
cust_0882,jessicathompson@example.net,"Wilson, Russell and Flores",2023-02-11 07:01:48.843954,Germany
cust_0883,thomas95@example.org,Powers Ltd,2023-03-07 00:43:52.909291,France
cust_0884,kristina07@example.net,Baker PLC,2024-06-18 18:48:53.384537,Germany
cust_0885,kelly83@example.org,Clark-Hawkins,2023-07-08 13:41:18.980330,France
cust_0886,onealmichael@example.net,Miller-Perkins,2023-09-04 01:33:24.281289,UK
cust_0887,turnermary@example.org,"Jackson, Duran and Richard",2024-12-31 00:00:00.000000,Italy
cust_0888,emilymartin@example.com,"Martin, Perry and Romero",2024-09-10 09:41:32.828549,France
cust_0889,karen17@example.org,Moon PLC,2024-04-11 01:45:56.782576,Germany
cust_0890,roberthunter@example.net,"Livingston, Cooper and Parker",2023-04-28 13:43:07.631005,Spain
cust_0891,lisajones@example.net,Gonzales PLC,2023-01-16 16:10:03.074664,Italy
cust_0892,careygabriella@example.org,Patel Ltd,2023-09-05 13:41:20.308046,UK
cust_0893,smithtammy@example.org,Ballard-Tucker,2024-03-06 18:20:52.306354,Spain
cust_0894,kentmichaela@example.com,Moss-Petersen,2024-02-09 23:27:06.347668,UK
cust_0895,christianryan@example.net,Chen-Hanson,2023-01-28 14:10:52.059023,Germany
cust_0896,rasmussencarol@example.com,"Davis, Miller and Hull",2023-03-07 02:05:26.261029,UK
cust_0897,khardy@example.com,"House, Middleton and Hardy",2023-10-15 03:47:21.949167,UK
cust_0898,kenneth54@example.com,"Cook, Jones and Jackson",2023-01-18 00:38:05.087029,France
cust_0899,jackhurst@example.com,Smith and Sons,2024-05-18 23:14:08.332210,France
cust_0900,tyler28@example.com,Clark-Cannon,2023-01-30 13:39:36.352593,France
cust_0901,thompsonpamela@example.com,"Craig, Rivera and Gomez",2024-12-31 00:00:00.000000,UK
cust_0902,taylorhoward@example.com,Gill Group,2023-06-24 07:39:26.290957,France
cust_0903,mcknightshawn@example.com,"Jackson, Guzman and Price",2023-06-22 03:08:02.135047,UK
cust_0904,xdonovan@example.org,Craig LLC,2024-03-09 03:21:02.049241,France
cust_0905,bpugh@example.net,Rodriguez-Sosa,2023-03-18 12:24:41.983086,France
cust_0906,shawvernon@example.net,"White, Hinton and Johnson",2024-03-07 21:07:26.170758,UK
cust_0907,melissajohnson@example.org,"Carr, Turner and Wright",2023-05-04 04:18:01.136572,France
cust_0908,mccoygloria@example.net,Hughes-Mitchell,2023-02-04 07:09:04.001712,Italy
cust_0909,kaylafrench@example.com,"Leonard, Thomas and Greene",2023-05-21 01:48:36.816893,UK
cust_0910,brandonshepherd@example.net,Miller-Mccormick,2024-01-27 23:21:07.389667,France
cust_0911,kelly04@example.net,Russell-Butler,2023-04-03 02:40:08.335116,France
cust_0912,gcastaneda@example.net,Christensen PLC,2024-01-17 19:38:16.920251,UK
cust_0913,kware@example.com,Collier-Duncan,2024-02-18 00:32:02.695962,Germany
cust_0914,scott81@example.com,Osborn-Hanson,2023-01-18 03:25:23.657403,Italy
cust_0915,lauren33@example.org,Mullen Ltd,2024-10-03 05:04:57.752061,France
cust_0916,rlawrence@example.net,Snyder-Valencia,2024-12-31 00:00:00.000000,UK
cust_0917,bobby47@example.net,Figueroa-Wood,2023-12-16 07:32:26.950670,UK
cust_0918,alexandra47@example.net,Miller Group,2024-10-30 00:51:34.289644,UK
cust_0919,wrightjoshua@example.com,Nixon PLC,2023-02-24 19:55:34.878042,France
cust_0920,raymond66@example.org,"Vaughn, Williams and Hartman",2024-12-31 00:00:00.000000,France
cust_0921,dennisharvey@example.org,Cline-Chapman,2023-07-06 04:37:07.141302,Germany
cust_0922,garciaemily@example.net,Jones-Wright,2023-08-20 12:03:46.054310,UK
cust_0923,ylee@example.org,Oliver-Carroll,2024-12-31 00:00:00.000000,France
cust_0924,bruce67@example.org,Norton-Brown,2023-02-21 19:35:34.817451,France
cust_0925,smallwendy@example.net,Gardner-Coleman,2024-12-31 00:00:00.000000,UK
cust_0926,figueroaadrienne@example.com,Martinez-Parker,2023-05-15 16:43:15.843499,Spain
cust_0927,derekhall@example.com,"Moore, Conner and Rogers",2024-12-31 00:00:00.000000,Spain
cust_0928,uarnold@example.org,Ballard-Clark,2024-12-31 00:00:00.000000,France
cust_0929,justindavis@example.com,Carson-Bridges,2024-07-16 16:00:53.711645,Germany
cust_0930,stephanie75@example.net,"Jones, Santana and Howe",2024-12-31 00:00:00.000000,UK
cust_0931,monica58@example.com,Vaughan-Webster,2024-08-22 05:50:38.533595,UK
cust_0932,virginiawang@example.net,Baker-Bennett,2023-03-20 03:04:26.029884,Germany
cust_0933,portertimothy@example.com,Middleton LLC,2024-12-31 00:00:00.000000,Italy
cust_0934,nmitchell@example.net,Roberts-Collins,2023-01-18 15:40:51.897824,France
cust_0935,rmarks@example.org,"Salas, Hays and Pollard",2023-02-26 12:00:39.403677,UK
cust_0936,ruth88@example.com,Jensen-Wood,2024-11-12 00:40:11.620848,France
cust_0937,katherineyoung@example.net,"Pope, Clark and Carroll",2023-10-09 23:14:50.974294,Spain
cust_0938,michael07@example.org,"Jackson, Davis and Barajas",2024-06-11 21:43:50.660446,Germany
cust_0939,willisryan@example.org,Lopez PLC,2023-12-23 23:29:11.197940,Germany
cust_0940,choward@example.org,Frazier and Sons,2023-05-22 06:31:01.056056,Germany
cust_0941,suehayes@example.com,Cunningham-Gutierrez,2024-04-12 00:53:55.890706,Spain
cust_0942,powelldarren@example.net,"Pruitt, Porter and Conway",2024-02-09 13:27:38.472475,UK
cust_0943,jessicawatson@example.org,"Harris, Richards and Spencer",2023-03-11 18:36:40.452104,Germany
cust_0944,ramirezstephanie@example.org,"Barnett, Hayden and Adams",2023-01-04 18:00:14.935604,France
cust_0945,zmedina@example.net,Armstrong LLC,2024-06-02 12:36:40.974726,Italy
cust_0946,zsilva@example.com,Jennings-Flores,2023-02-11 18:41:52.847615,Germany
cust_0947,kimberlywilliams@example.org,Hebert Inc,2024-10-05 22:00:39.821244,France
cust_0948,emiller@example.com,Morales-Paul,2023-11-20 22:46:13.290734,UK
cust_0949,hayskaitlin@example.net,Brown-Walker,2024-01-18 19:55:06.372414,France
cust_0950,piercewilliam@example.net,"Lopez, Mitchell and Clayton",2023-06-25 15:22:23.365275,UK
cust_0951,lbailey@example.org,"Payne, Stewart and Huff",2023-11-20 04:15:56.224380,France
cust_0952,scott97@example.com,"Kelly, Jones and Ford",2024-07-26 12:01:45.989563,France
cust_0953,brownvincent@example.org,"Murray, Lee and Garcia",2024-07-01 17:59:06.824361,France
cust_0954,rose96@example.org,"Day, Harris and Rodriguez",2024-12-31 00:00:00.000000,France
cust_0955,brian27@example.com,King-Baker,2023-06-08 08:43:12.379124,France
cust_0956,webbdaniel@example.com,Mcintyre Inc,2023-05-26 21:14:47.720217,Spain
cust_0957,clarkthomas@example.com,Bowman Inc,2024-12-31 00:00:00.000000,France
cust_0958,uwest@example.net,Gregory-Wright,2023-08-27 03:00:53.931238,UK
cust_0959,erika42@example.net,Edwards-Hansen,2024-12-31 00:00:00.000000,Germany
cust_0960,ramseyjoseph@example.com,"Hernandez, Vincent and Potter",2023-07-18 17:17:08.717197,Germany
cust_0961,hansonjames@example.net,"Johnson, Garcia and Martin",2024-04-20 18:56:01.608202,France
cust_0962,cherylmeadows@example.org,"Torres, Banks and Stafford",2024-01-22 14:26:15.436928,France
cust_0963,ujones@example.com,Nguyen and Sons,2024-09-24 08:02:23.589109,France
cust_0964,antonio58@example.com,Hoover and Sons,2023-12-21 21:20:26.512898,Germany
cust_0965,peter12@example.net,"Phillips, Rose and Wagner",2024-02-16 06:04:01.798164,France
cust_0966,chelsea88@example.com,Spencer-Donovan,2023-12-13 23:38:05.582566,Germany
cust_0967,joanne23@example.com,"Wilson, Glover and Green",2023-11-25 23:49:34.225560,UK
cust_0968,ktaylor@example.org,Parker and Sons,2024-03-27 09:11:15.918389,Spain
cust_0969,jamesclark@example.org,Crawford-Nash,2023-05-06 18:51:56.832523,Spain
cust_0970,yolanda41@example.org,"Moore, Lozano and Taylor",2023-10-03 20:46:49.137932,France
cust_0971,wlove@example.com,"Powell, Moreno and Rodriguez",2023-01-25 03:12:58.501154,France
cust_0972,tracyreyes@example.com,"Myers, Nguyen and Wood",2024-09-06 15:43:35.825561,UK
cust_0973,candacestone@example.com,Ferguson Group,2024-09-13 15:06:37.318128,Germany
cust_0974,wmiller@example.net,Kane and Sons,2023-08-21 01:40:10.395192,France
cust_0975,kcastro@example.com,"Ramirez, Weeks and Davis",2023-06-09 02:43:28.657887,Germany
cust_0976,ssullivan@example.com,Lawson-Ferrell,2023-02-07 02:37:45.002585,France
cust_0977,johnsonbrittany@example.net,"Washington, Fisher and Johnson",2023-12-31 17:53:32.252655,UK
cust_0978,maysrussell@example.org,"Jackson, Hunter and Goodwin",2024-12-31 00:00:00.000000,Italy
cust_0979,torrestiffany@example.com,"Morgan, Murray and Williams",2024-02-16 12:30:07.826787,Germany
cust_0980,ramirezjohn@example.com,Rojas Group,2024-02-09 10:27:08.782152,UK
cust_0981,sextonjustin@example.org,Gray-Jacobs,2023-02-20 09:04:00.692637,Germany
cust_0982,christopher28@example.org,"Smith, Stewart and Becker",2024-12-31 00:00:00.000000,France
cust_0983,gchambers@example.com,"Wright, Perkins and Bennett",2023-12-06 08:00:12.541019,Germany
cust_0984,kimberly85@example.org,"Kim, Galvan and Jones",2023-03-23 13:40:38.943564,France
cust_0985,desireemckay@example.org,"Landry, Peterson and Gonzalez",2023-06-12 21:26:33.357303,France
cust_0986,stephanieclark@example.net,"Flores, Cooper and Lawson",2023-01-10 19:05:46.450310,Spain
cust_0987,jamesbryce@example.org,"Brown, Escobar and Hanna",2023-05-08 13:41:29.694222,Germany
cust_0988,denise47@example.net,"Harvey, Robinson and Smith",2023-05-22 22:37:03.017161,Italy
cust_0989,lukeellis@example.org,Archer Group,2023-05-01 01:29:24.341013,Germany
cust_0990,patricia53@example.net,Hamilton-Armstrong,2024-12-31 00:00:00.000000,Spain
cust_0991,stephaniegrant@example.org,Juarez-Manning,2023-03-24 08:49:38.358586,Spain
cust_0992,adammyers@example.org,"Cole, Williams and Kim",2023-09-03 03:12:28.102434,Germany
cust_0993,josecooper@example.org,"Lewis, Evans and Terry",2023-02-27 07:23:33.166392,France
cust_0994,idixon@example.net,Avila PLC,2024-06-04 16:36:32.306162,Germany
cust_0995,leonard83@example.net,"Santiago, Short and Davidson",2023-08-18 16:25:15.023117,UK
cust_0996,qhoffman@example.net,Thompson PLC,2024-08-03 03:24:18.396313,France
cust_0997,pamela45@example.net,Taylor-Archer,2024-01-12 20:59:08.606406,France
cust_0998,phillip18@example.com,"George, Thomas and Lee",2024-07-10 17:22:29.723313,UK
cust_0999,greengwendolyn@example.org,"Mejia, Johnson and Fritz",2024-12-31 00:00:00.000000,France
cust_1000,megandavis@example.org,Davis-Brewer,2023-01-24 11:58:17.247066,France
